ID,Faz,Alt Faz,Başlık,Durum,Öncelik,Kategori,Priority,Notlar,Tarih,Link
	1.1.1,1,1.1,"Next.js 14 projesi oluştur (App Router)",Tamamlandı,Kritik,Altyapı,,"",,#1.1
	1.1.2,1,1.1,"Tailwind CSS kur ve yapılandır",Tamamlandı,Kritik,Altyapı,,"",,#1.1
	1.1.3,1,1.1,"shadcn/ui kur ve tema ayarla",Tamamlandı,Kritik,Altyapı,,"",,#1.1
	1.1.4,1,1.1,"ESLint + Prettier ayarla",Tamamlandı,Kritik,Altyapı,,"",,#1.1
	1.1.5,1,1.1,"Git repo ve branch stratejisi belirle",Tamamlandı,Kritik,Altyapı,,"",,#1.1
	1.2.1,1,1.2,"~~Supabase projesi oluştur~~ → AWS EC2 + PostgreSQL + S3 kuruldu ✅",Tamamlandı,Kritik,Altyapı,,"",,#1.2
	1.2.2,1,1.2,"Veritabanı şeması tasarla ve oluştur",Tamamlandı,Kritik,Altyapı,,"",,#1.2
	1.2.3,1,1.2,"Auth entegrasyonu (email/password + OAuth)",Tamamlandı,Kritik,Altyapı,,"Supabase Auth client kullanılıyor; Faz 5'te alternatif planlanıyor",,#1.2
	1.2.4,1,1.2,"Storage: AWS S3 tek bucket + prefix'ler (photos, books, pdfs, covers) ✅",Tamamlandı,Kritik,Altyapı,,"",,#1.2
	1.2.5,1,1.2,"Row Level Security (RLS) kuralları",Tamamlandı,Kritik,Altyapı,,"Migration'da hazır",,#1.2
	1.2.6,1,1.2,"~~Supabase vs AWS Değerlendirmesi~~ → AWS'ye geçiş kararı verildi ve uygulandı ✅ (Şubat 2026)",Tamamlandı,Kritik,Altyapı,,"",,#1.2
	1.2.7,1,1.2,"Database Backup Sistemi ✅ (Şubat 2026)",Tamamlandı,Kritik,Altyapı,,"",,#1.2
	1.2.8,1,1.2,"~~Supabase'ı AWS'de açılacak bir makineye migrate etme~~ → AWS altyapı Faz 1–4 tamamlandı ✅ (Şubat 2026)",Tamamlandı,Kritik,Altyapı,,"",,#1.2
	1.3.1,1,1.3,"`.env.local` dosyası oluştur",Tamamlandı,Kritik,Altyapı,,"✅ Kontrol edildi ve optimize edildi",,#1.3
	1.3.2,1,1.3,"Tüm API key'leri ekle (OpenAI, Groq, AWS/DB)",Tamamlandı,Kritik,Altyapı,,"✅ `.env.example` template hazır",,#1.3
	1.3.3,1,1.3,"Vercel environment variables ayarla",Tamamlandı,Kritik,Altyapı,,"✅ Dokümante edildi (`docs/guides/ENVIRONMENT_SETUP.md`)",,#1.3
	1.3.4,1,1.3,"Development/Production config ayrımı",Tamamlandı,Kritik,Altyapı,,"✅ `lib/config.ts` oluşturuldu",,#1.3
	1.3.5,1,1.3,"Log Yapısı (23 Ocak 2026)",Bekliyor,Kritik,Altyapı,,"",,#1.3
	2.1.1,2,2.1,"Ana layout component (header, footer, nav)",Tamamlandı,Kritik,Frontend - Layout,,"✅ Header + Footer component'leri entegre edildi (v0.app'den alındı)",,#2.1
	2.1.2,2,2.1,"Responsive tasarım (mobile-first)",Tamamlandı,Kritik,Frontend - Layout,,"✅ Header ve Footer responsive (mobile menu mevcut)",,#2.1
	2.1.3,2,2.1,"Tema sistemi (renk paleti, typography)",Tamamlandı,Kritik,Frontend - Layout,,"",,#2.1
	2.1.4,2,2.1,"Loading states ve error boundaries",Bekliyor,Kritik,Frontend - Layout,,"⏸️ **Ertelendi (Faz 2.2 sonrası)**",,#2.1
	2.1.5,2,2.1,"Header'da ülke/para birimi seçici",Tamamlandı,Kritik,Frontend - Layout,,"✅ DropdownMenu ile entegre edildi",,#2.1
	2.1.6,2,2.1,"Header'da sepet ikonu (shopping bag)",Tamamlandı,Kritik,Frontend - Layout,,"✅ ShoppingCart icon + badge animasyonu",,#2.1
	2.1.7,2,2.1,"""Create a children's book"" butonu header'da",Tamamlandı,Kritik,Frontend - Layout,,"✅ Gradient CTA button eklendi",,#2.1
	2.1.8,2,2.1,"Dark/Light mode toggle butonu (header'da)",Tamamlandı,Kritik,Frontend - Layout,,"✅ next-themes entegre edildi, toggle butonu eklendi",,#2.1
	2.1.9,2,2.1,"Renk Teması ve Tema Gözden Geçirmesi ✅ Tamamlandı (7 Mart 2026)",Tamamlandı,Kritik,Frontend - Layout,,"",,#2.1
	2.1.11,2,2.1,"Logo görseli (Header, Footer, mobil drawer) + favicon/manifest/OG görseli entegrasyonu — ✅ 21 Mart 2026 — `docs/analysis/LOGO_FAVICON_SITE_INTEGRATION_ANALYSIS.md`",Tamamlandı,Kritik,Frontend - Layout,,"",,#2.1
	2.1.10,2,2.1,"Mobil drawer (menü) tasarım iyileştirmesi (Şubat 2026)",Bekliyor,Kritik,Frontend - Layout,DO,"",,#2.1
	2.2.1,2,2.2,"Hero section (başlık, CTA, görsel)",Tamamlandı,Kritik,Frontend - Ana Sayfa,,"✅ v0.app'den alındı ve entegre edildi",,#2.2
	2.2.1.1,2,2.2,"""Your Child, The Hero"" – Real Photo & Story Character Görselleri (27 Ocak 2026)",Bekliyor,Kritik,Frontend - Ana Sayfa,,"",,#2.2
	2.2.2,2,2.2,"""Nasıl Çalışır?"" bölümü (3 adım)",Tamamlandı,Kritik,Frontend - Ana Sayfa,,"✅ v0.app'den alındı ve entegre edildi",,#2.2
	2.2.3,2,2.2,"Örnek kitaplar carousel",Tamamlandı,Kritik,Frontend - Ana Sayfa,,"✅ v0.app'den alındı ve entegre edildi",,#2.2
	2.2.4,2,2.2,"Özellikler özeti",Tamamlandı,Kritik,Frontend - Ana Sayfa,,"✅ v0.app'den alındı ve entegre edildi",,#2.2
	2.2.4.1,2,2.2,"Sesli Hikaye Özelliği Vurgusu (26 Ocak 2026)",Bekliyor,Kritik,Frontend - Ana Sayfa,,"",,#2.2
	2.2.5,2,2.2,"Fiyatlandırma özeti",Tamamlandı,Kritik,Frontend - Ana Sayfa,,"✅ v0.app'den alındı ve entegre edildi",,#2.2
	2.2.6,2,2.2,"FAQ bölümü",Tamamlandı,Kritik,Frontend - Ana Sayfa,,"✅ v0.app'den alındı ve entegre edildi",,#2.2
	2.2.7,2,2.2,"Kampanya banner'ları (free shipping, indirimler)",Tamamlandı,Kritik,Frontend - Ana Sayfa,,"✅ v0.app'den alındı ve entegre edildi",,#2.2
	2.2.8,2,2.2,"Cookie banner (GDPR/KVKK uyumluluk)",Tamamlandı,Kritik,Frontend - Ana Sayfa,,"✅ v0.app'den alındı ve entegre edildi",,#2.2
	2.2.9,2,2.2,"Ana Ekrana Video Çizgi Film Örneği (23 Ocak 2026)",Bekliyor,Kritik,Frontend - Ana Sayfa,,"",,#2.2
	2.3.1,2,2.3,"Giriş sayfası (email/şifre)",Tamamlandı,Kritik,Frontend - Auth,,"✅ v0.app'den alındı ve entegre edildi",,#2.3
	2.3.2,2,2.3,"Kayıt sayfası",Tamamlandı,Kritik,Frontend - Auth,,"✅ v0.app'den alındı ve entegre edildi",,#2.3
	2.3.3,2,2.3,"Şifre sıfırlama",Tamamlandı,Kritik,Frontend - Auth,,"✅ v0.app'den alındı ve entegre edildi",,#2.3
	2.3.4,2,2.3,"Google OAuth butonu ve entegrasyonu",Tamamlandı,Kritik,Frontend - Auth,,"✅ UI tamamlandı (Faz 3'te backend entegrasyonu yapılacak)",,#2.3
	2.3.5,2,2.3,"Facebook OAuth butonu ve entegrasyonu",Tamamlandı,Kritik,Frontend - Auth,,"✅ UI tamamlandı (Faz 3'te backend entegrasyonu yapılacak)",,#2.3
	2.3.6,2,2.3,"Instagram OAuth butonu ve entegrasyonu (opsiyonel)",Bekliyor,Kritik,Frontend - Auth,,"⏳ İleride eklenecek",,#2.3
	2.3.7,2,2.3,"Email doğrulama sayfası",Tamamlandı,Kritik,Frontend - Auth,,"✅ UI tamamlandı (Faz 3'te backend entegrasyonu yapılacak)",,#2.3
	2.3.8,2,2.3,"OAuth callback sayfaları",Tamamlandı,Kritik,Frontend - Auth,,"✅ UI tamamlandı (Faz 3'te backend entegrasyonu yapılacak)",,#2.3
	2.4.1,2,2.4,"Step 1: Karakter bilgileri formu",Tamamlandı,Kritik,Frontend - Wizard,,"✅ v0.app'den alındı ve entegre edildi",,#2.4
	2.4.2,2,2.4,"Step 2: Referans görsel yükleme (çocuk fotoğrafı)",Tamamlandı,Kritik,Frontend - Wizard,,"✅ v0.app'den alındı ve entegre edildi",,#2.4
	2.4.2.1,2,2.4,"Fotoğraf yükleme sistemi iyileştirmesi (23 Ocak 2026)",Bekliyor,Kritik,Frontend - Wizard,,"",,#2.4
	2.4.3,2,2.4,"Step 3: Tema ve yaş grubu seçimi (0-2, 3-5, 6-9)",Tamamlandı,Kritik,Frontend - Wizard,,"✅ v0.app'den alındı ve entegre edildi",,#2.4
	2.4.3.1,2,2.4,"Custom Theme Seçeneği (23 Ocak 2026)",Bekliyor,Kritik,Frontend - Wizard,DO,"",,#2.4
	2.4.4,2,2.4,"Step 4: Illustration style seçimi (görsel önizleme)",Tamamlandı,Kritik,Frontend - Wizard,,"✅ v0.app'den alındı ve entegre edildi",,#2.4
	2.4.5,2,2.4,"Step 5: Özel istekler",Tamamlandı,Kritik,Frontend - Wizard,,"✅ v0.app'den alındı ve entegre edildi",,#2.4
	2.4.5.1,2,2.4,"Custom request örnekleri ekleme (23 Ocak 2026)",Bekliyor,Kritik,Frontend - Wizard,,"",,#2.4
	2.4.5.2,2,2.4,"Custom request dil desteği (23 Ocak 2026)",Bekliyor,Kritik,Frontend - Wizard,DO,"",,#2.4
	2.4.5.3,2,2.4,"Debug boş iken 12 sayfa; kapak sadece Step 6'da (Şubat 2026)",Bekliyor,Kritik,Frontend - Wizard,DO,"",,#2.4
	2.4.6,2,2.4,"Step 6: Önizleme ve onay",Tamamlandı,Kritik,Frontend - Wizard,,"✅ v0.app'den alındı ve entegre edildi",,#2.4
	2.4.6.1,2,2.4,"Step 6 Illustration Style alanında Step 4 örnek görselleri (Şubat 2026)",Bekliyor,Kritik,Frontend - Wizard,DO,"",,#2.4
	2.4.11,2,2.4,"Wizard adımlarını kısaltma (UX iyileştirme)",Bekliyor,Kritik,Frontend - Wizard,,"Şu an 6 adım var, daha kolay bir UX için adımlar birleştirilebilir veya kısaltılabilir. Düşünülecek.",,#2.4
	2.4.7,2,2.4,"Progress indicator",Tamamlandı,Kritik,Frontend - Wizard,,"✅ Tüm step'lerde (1-6) mevcut, her step'te ""Step X of 6"" ve progress bar gösteriliyor",,#2.4
	2.4.8,2,2.4,"Form validasyonu (Zod + React Hook Form)",Tamamlandı,Kritik,Frontend - Wizard,,"✅ Tüm step'lerde mevcut (Step 1,3,4,5: Zod + RHF, Step 2: Custom file validation, Step 6: Preview sayfası)",,#2.4
	2.4.9,2,2.4,"Ücretsiz kapak hakkı kontrolü ve gösterimi",Tamamlandı,Kritik,Frontend - Wizard,,"✅ UI tamamlandı (mock data ile, Faz 3'te gerçek kontrol)",,#2.4
	2.4.10,2,2.4,"""Ücretsiz Kapak Oluştur"" butonu (hakkı varsa)",Tamamlandı,Kritik,Frontend - Wizard,,"✅ UI tamamlandı (Step 6'da, Faz 3'te API entegrasyonu)",,#2.4
	2.4.12,2,2.4,"Kitap oluşturma sonrası animasyon ve loading (23 Ocak 2026)",Tamamlandı,Kritik,Frontend - Wizard,DO,"",,#2.4
	2.4.14,2,2.4,"Next.js Image ve layout konsol uyarıları (Şubat 2026) | ✅ Çözüldü (4 Şubat 2026)",Tamamlandı,Kritik,Frontend - Wizard,,"",,#2.4
	2.5.1.1,2,2.5,"react-pageflip veya alternatif library araştırması ve seçimi",Tamamlandı,Kritik,Frontend - E-book Viewer,,"✅ Framer Motion ile custom implementation seçildi",,#2.5
	2.5.1.2,2,2.5,"Flipbook animasyonu (sayfa çevirme efekti)",Tamamlandı,Kritik,Frontend - E-book Viewer,,"✅ v0.app'den alındı ve entegre edildi (Flip, Slide, Fade animasyonları)",,#2.5
	2.5.1.3,2,2.5,"Sayfa navigasyonu (ileri, geri, sayfa atlama)",Tamamlandı,Kritik,Frontend - E-book Viewer,,"✅ Buttons, keyboard, swipe, mouse click desteği",,#2.5
	2.5.1.4,2,2.5,"Progress indicator (hangi sayfa/toplam sayfa)",Tamamlandı,Kritik,Frontend - E-book Viewer,,"✅ Header'da progress bar ve sayfa numarası",,#2.5
	2.5.1.5,2,2.5,"Page thumbnails / mini map (tüm sayfaları küçük gösterme)",Tamamlandı,Kritik,Frontend - E-book Viewer,,"✅ v0.app'den alındı ve entegre edildi",,#2.5
	2.5.1.6,2,2.5,"Tam ekran modu (fullscreen)",Tamamlandı,Kritik,Frontend - E-book Viewer,,"✅ Fullscreen toggle button ve keyboard shortcut (F)",,#2.5
	2.5.1.7,2,2.5,"Zoom in/out (görselleri yakınlaştırma)",Bekliyor,Kritik,Frontend - E-book Viewer,,"⏳ Sonraki adım",,#2.5
	2.5.1.8,2,2.5,"Loading states ve skeleton screens",Bekliyor,Kritik,Frontend - E-book Viewer,,"⏳ Sonraki adım",,#2.5
	2.5.1.9,2,2.5,"PDF link paylaşma (23 Ocak 2026)",Bekliyor,Kritik,Frontend - E-book Viewer,,"",,#2.5
	2.5.1.10,2,2.5,"Hikaye link paylaşma (23 Ocak 2026)",Bekliyor,Kritik,Frontend - E-book Viewer,,"",,#2.5
	2.5.1.11,2,2.5,"E-book ve PDF Paragraf Formatlaması (23 Ocak 2026)",Bekliyor,Kritik,Frontend - E-book Viewer,,"🔴 **YÜKSEK ÖNCELİK**",,#2.5
	2.5.2.1,2,2.5,"Mobil swipe desteği (sağa/sola kaydırma)",Tamamlandı,Kritik,Frontend - E-book Viewer,,"✅ useSwipeGesture hook ile entegre edildi",,#2.5
	2.5.2.2,2,2.5,"Hikaye sayfası tasarımı iyileştirmesi (23 Ocak 2026)",Bekliyor,Kritik,Frontend - E-book Viewer,,"⏳ Sonraki adım (zoom ile birlikte)",,#2.5
	2.5.2.3,2,2.5,"Portrait mode: Tek sayfa gösterimi (dikey)",Tamamlandı,Kritik,Frontend - E-book Viewer,,"✅ v0.app'den alındı ve entegre edildi",,#2.5
	2.5.2.4,2,2.5,"Landscape mode: Çift sayfa gösterimi (yatay)",Tamamlandı,Kritik,Frontend - E-book Viewer,,"bir taraf görsel, bir taraf yazı - ✅ v0.app'den alındı ve entegre edildi",,#2.5
	2.5.2.5,2,2.5,"Screen orientation detection ve otomatik layout değişimi",Tamamlandı,Kritik,Frontend - E-book Viewer,,"✅ window.innerWidth/innerHeight ile otomatik detection",,#2.5
	2.5.2.6,2,2.5,"PWA optimizasyonu (offline okuma, vb.)",Bekliyor,Kritik,Frontend - E-book Viewer,,"⏳ Faz 6'da yapılacak",,#2.5
	2.5.3.1,2,2.5,"Text-to-Speech entegrasyonu (Gemini Pro TTS)",Tamamlandı,Kritik,Frontend - E-book Viewer,,"✅ Backend API ve frontend hook oluşturuldu, WaveNet/Standard sesler kaldırıldı (15 Ocak 2026)",,#2.5
	2.5.3.2,2,2.5,"Ses seçeneği (Achernar",Tamamlandı,Kritik,Frontend - E-book Viewer,,"Gemini Pro TTS) - ✅ Admin global config (tts_settings); Settings dropdown'da sadece admin TTS düzenleme (15 Ocak / 9 Şubat 2026)",,#2.5
	2.5.3.3,2,2.5,"Ses hızı kontrolü (0.5x",Tamamlandı,Kritik,Frontend - E-book Viewer,,"2x arası) - ✅ Parent Settings'te (Yavaş/Normal/Hızlı); kullanıcı tercihi localStorage (9 Şubat 2026)",,#2.5
	2.5.3.4,2,2.5,"Volume kontrolü",Tamamlandı,Kritik,Frontend - E-book Viewer,,"✅ Parent Settings'te ses seviyesi (slider); okuyucuda mute butonu; kullanıcı tercihi localStorage (9 Şubat 2026)",,#2.5
	2.5.3.5,2,2.5,"Play/Pause/Stop butonları",Tamamlandı,Kritik,Frontend - E-book Viewer,,"✅ Play/Pause mevcut, Stop hook'ta mevcut ama UI'da yok",,#2.5
	2.5.3.6,2,2.5,"Sesli okuma sırasında sayfa vurgulama (highlight current word/sentence)",Bekliyor,Kritik,Frontend - E-book Viewer,,"⏳ Basit implementasyon mevcut, gelişmiş versiyon için Web Speech API word timing gerekli",,#2.5
	2.5.3.7,2,2.5,"Otomatik sayfa ilerleme (ses bittiğinde sonraki sayfaya geç)",Tamamlandı,Kritik,Frontend - E-book Viewer,,"✅ TTS bittiğinde otomatik sayfa ilerleme",,#2.5
	2.5.3.8,2,2.5,"TTS Cache mekanizması",Tamamlandı,Kritik,Frontend - E-book Viewer,,"✅ S3'te cache (signed URL); kitap tamamlanınca TTS prewarm; aynı metin tekrar okutulduğunda cache hit (15 Ocak 2026, S3 + prewarm 9 Şubat 2026)",,#2.5
	2.5.3.9,2,2.5,"TTS Cache temizleme (hikaye değişikliğinde)",Bekliyor,Kritik,Frontend - E-book Viewer,,"⏳ Hikaye metni değiştiğinde eski cache dosyasını sil, yeni ses oluştur",,#2.5
	2.5.3.10,2,2.5,"Sesli Hikaye Özelliği Pazarlama Vurgusu (26 Ocak 2026)",Tamamlandı,Kritik,Frontend - E-book Viewer,,"✅ Kısmen tamamlandı (9 Şubat 2026)",,#2.5
	2.5.4.1,2,2.5,"Autoplay butonu ve kontrolü",Tamamlandı,Kritik,Frontend - E-book Viewer,,"✅ Autoplay toggle butonu (RotateCcw icon), visual indicator ve Settings'te mod seçimi",,#2.5
	2.5.4.2,2,2.5,"Autoplay hızı ayarı (sayfa başına kaç saniye)",Tamamlandı,Kritik,Frontend - E-book Viewer,,"✅ 5s, 10s, 15s, 20s seçenekleri Settings'te",,#2.5
	2.5.4.3,2,2.5,"Sesli okuma ile senkronize otomatik ilerleme",Tamamlandı,Kritik,Frontend - E-book Viewer,,"✅ TTS Synced mode: TTS bittiğinde otomatik sayfa geçişi + otomatik okumaya devam (onEnded callback ile)",,#2.5
	2.5.4.4,2,2.5,"Autoplay pause/resume (dokunarak durdurma)",Tamamlandı,Kritik,Frontend - E-book Viewer,,"✅ Ekrana dokunarak TTS pause/resume, Timed mode countdown ile sayfa geçişi",,#2.5
	2.5.5.1,2,2.5,"Bookmark/favori sayfa işaretleme",Tamamlandı,Kritik,Frontend - E-book Viewer,,"✅ localStorage ile bookmark sistemi, her sayfa için ayrı bookmark",,#2.5
	2.5.5.2,2,2.5,"Reading progress save (nerede kaldı, otomatik kaydetme)",Tamamlandı,Kritik,Frontend - E-book Viewer,,"✅ localStorage ile otomatik kaydetme, kitap açıldığında kaldığı yerden devam",,#2.5
	2.5.5.3,2,2.5,"Share butonu (kitabı/sayfayı paylaşma)",Tamamlandı,Kritik,Frontend - E-book Viewer,,"✅ navigator.share API ile paylaşma (fallback: clipboard)",,#2.5
	2.5.5.4,2,2.5,"Download as PDF butonu",Bekliyor,Kritik,Frontend - E-book Viewer,,"⏳ Post-MVP",,#2.5
	2.5.5.5,2,2.5,"Print options",Bekliyor,Kritik,Frontend - E-book Viewer,,"⏳ Post-MVP",,#2.5
	2.5.5.6,2,2.5,"Keyboard shortcuts (desktop: arrow keys, space, esc, vb.)",Tamamlandı,Kritik,Frontend - E-book Viewer,,"✅ 11 farklı klavye kısayolu eklendi",,#2.5
	2.5.5.7,2,2.5,"Accessibility features (font size, high contrast, screen reader support)",Bekliyor,Kritik,Frontend - E-book Viewer,,"⏳ Post-MVP",,#2.5
	2.5.5.8,2,2.5,"Settings UI iyileştirmesi",Tamamlandı,Kritik,Frontend - E-book Viewer,,"✅ Ses/hız Parent Settings'e taşındı; okuyucu sadeleştirildi (sadece admin için TTS varsayılanları dropdown'da). Çocuk odaklı sade tasarım (9 Şubat 2026)",,#2.5
	2.5.6.1,2,2.5,"Sayfa çevirme animasyonu (flip effect, slide, fade, vb.)",Tamamlandı,Kritik,Frontend - E-book Viewer,,"✅ 6 farklı animasyon tipi: Flip (3D), Slide, Fade, Page Curl, Zoom, None (Instant)",,#2.5
	2.5.6.2,2,2.5,"Animasyon hızı/stili seçenekleri",Tamamlandı,Kritik,Frontend - E-book Viewer,,"✅ Settings'te 3 hız seçeneği: Slow, Normal, Fast (configurable)",,#2.5
	2.5.6.3,2,2.5,"Smooth transitions",Tamamlandı,Kritik,Frontend - E-book Viewer,,"✅ Spring ve tween animasyonları, easeInOut/easeOut transitions",,#2.5
	2.5.6.4,2,2.5,"Page curl effect (sayfa kıvrılma efekti)",Tamamlandı,Kritik,Frontend - E-book Viewer,,"✅ 3D rotateX/rotateY ile page curl animasyonu",,#2.5
	2.5.6.5,2,2.5,"Shadow ve depth effects (3D görünüm)",Tamamlandı,Kritik,Frontend - E-book Viewer,,"✅ Shadow-2xl, drop-shadow, depth effects (z-index)",,#2.5
	2.5.5.9,2,2.5,"Çocuk UX (footer) (9 Şubat 2026)",Tamamlandı,Kritik,Frontend - E-book Viewer,,"✅ Okuyucu footer'da min 44px dokunmatik alan, basınca scale animasyonu (active:scale-95), ikon boyutları md'de büyütüldü. Ref: TTS_GOOGLE_GEMINI_ANALYSIS.md §3.5",,#2.5
	2.5.8,2,2.5,"Çocuk Modu (Kids Mode) (23 Ocak 2026)",Bekliyor,Kritik,Frontend - E-book Viewer,,"",,#2.5
	2.5.7.1,2,2.5,"Notes/annotations (sayfaya not alma)",Bekliyor,Kritik,Frontend - E-book Viewer,,"",,#2.5
	2.5.7.2,2,2.5,"Search in book (kitap içinde arama)",Bekliyor,Kritik,Frontend - E-book Viewer,,"",,#2.5
	2.5.7.3,2,2.5,"Multi-language subtitle support (sesli okuma için altyazı)",Bekliyor,Kritik,Frontend - E-book Viewer,,"",,#2.5
	2.5.7.4,2,2.5,"Background music (opsiyonel arka plan müziği)",Bekliyor,Kritik,Frontend - E-book Viewer,,"",,#2.5
	2.5.7.5,2,2.5,"Reading statistics (ne kadar süre okudu, hangi sayfaları okudu)",Bekliyor,Kritik,Frontend - E-book Viewer,,"",,#2.5
	2.6.1,2,2.6,"Kitaplık sayfası (tüm kitaplar grid)",Tamamlandı,Kritik,Frontend - Dashboard,,"✅ Dashboard sayfası oluşturuldu, grid/list view toggle",,#2.6
	2.6.2,2,2.6,"Kitap kartı component",Tamamlandı,Kritik,Frontend - Dashboard,,"✅ Book card component (cover, title, status, actions) - Character bilgisi kaldırıldı (26 Ocak 2026)",,#2.6
	2.6.3,2,2.6,"Filtreleme ve sıralama",Tamamlandı,Kritik,Frontend - Dashboard,,"✅ Filter tabs (All, Completed, In Progress, Drafts), Sort dropdown (Date, Title), Search bar",,#2.6
	2.6.4,2,2.6,"Sipariş geçmişi",Tamamlandı,Kritik,Frontend - Dashboard,,"✅ Order History section (table with orders, download/view buttons)",,#2.6
	2.6.5,2,2.6,"Profil ayarları",Tamamlandı,Kritik,Frontend - Dashboard,,"✅ Profile Settings page (6 sections: Profile, Account, Orders, Free Cover, Notifications, Billing)",,#2.6
	2.6.6,2,2.6,"Ücretsiz kapak hakkı göstergesi (kullanıldı/kullanılmadı)",Tamamlandı,Kritik,Frontend - Dashboard,,"✅ Free Cover Status section (status badge, used date, info box)",,#2.6
	2.6.9,2,2.6,"Hardcopy Satın Alma Özellikleri (25 Ocak 2026)",Tamamlandı,Kritik,Frontend - Dashboard,,"✅ **TAMAMLANDI**",,#2.6
	2.6.7,2,2.6,"Characters tab (karakter yönetimi)",Bekliyor,Kritik,Frontend - Dashboard,,"🆕 **Karakter Yönetimi Sistemi (15 Ocak 2026)**",,#2.6
	2.6.8,2,2.6,"Sipariş Yönetimi (Kullanıcı)",Bekliyor,Kritik,Frontend - Dashboard,,"🆕 **25 Ocak 2026**",,#2.6
	2.7.1,2,2.7,"Özellikler (Features) sayfası",Bekliyor,Kritik,Frontend - Statik Sayfalar,,"",,#2.7
	2.7.2,2,2.7,"Fiyatlandırma sayfası",Tamamlandı,Kritik,Frontend - Statik Sayfalar,DO,"✅ **TAMAMLANDI (25 Ocak 2026)**",,#2.7
	2.7.4,2,2.7,"İletişim sayfası",Bekliyor,Kritik,Frontend - Statik Sayfalar,,"",,#2.7
	2.7.5,2,2.7,"Gizlilik Politikası",Bekliyor,Kritik,Frontend - Statik Sayfalar,,"",,#2.7
	2.7.6,2,2.7,"Kullanım Şartları",Bekliyor,Kritik,Frontend - Statik Sayfalar,,"",,#2.7
	2.7.7,2,2.7,"KVKK Aydınlatma Metni",Bekliyor,Kritik,Frontend - Statik Sayfalar,,"",,#2.7
	2.7.8,2,2.7,"Examples sayfası (tüm örnek kitaplar, ""View Example"" butonları)",Tamamlandı,Kritik,Frontend - Statik Sayfalar,,"✅ **TAMAMLANDI (25 Ocak 2026)**",,#2.7
	2.7.8.1,2,2.7,"Example Books bölümü görsel tasarım iyileştirmesi (Şubat 2026)",Tamamlandı,Kritik,Frontend - Statik Sayfalar,DO,"",,#2.7
	2.7.9,2,2.7,"Ideas sayfası (hikaye fikirleri ve şablonları)",Bekliyor,Kritik,Frontend - Statik Sayfalar,,"",,#2.7
	2.7.10,2,2.7,"Tema kartları görsel gösterimi (her tema için thumbnail)",Bekliyor,Kritik,Frontend - Statik Sayfalar,,"",,#2.7
	2.7.11,2,2.7,"""Used Photos"" gösterimi (örneklerde hangi fotoğraflar kullanılmış)",Tamamlandı,Kritik,Frontend - Statik Sayfalar,,"✅ API güncellendi, generation_metadata.usedPhotos + characters tablosu batch sorgusu (6 Mart 2026)",,#2.7
	2.7.12,2,2.7,"""View All Examples"" ve ""View All Themes"" linkleri",Bekliyor,Kritik,Frontend - Statik Sayfalar,,"",,#2.7
	2.7.13,2,2.7,"""Sizden Gelenler"" bölümü (23 Ocak 2026)",Bekliyor,Kritik,Frontend - Statik Sayfalar,,"",,#2.7
	2.7.14,2,2.7,"Blog Sayfası (23 Ocak 2026)",Bekliyor,Kritik,Frontend - Statik Sayfalar,,"",,#2.7
	2.8.1,2,2.8,"i18n library seçimi (next-intl önerilir",Bekliyor,Kritik,Frontend,,"Next.js App Router ile mükemmel entegrasyon)",,#2.8
	2.8.2,2,2.8,"Dil seçici component (header'da, dropdown veya flag icons)",Bekliyor,Kritik,Frontend,,"",,#2.8
	2.8.3,2,2.8,"Tüm UI metinlerinin çeviri dosyalarına taşınması (JSON veya TypeScript object format)",Bekliyor,Kritik,Frontend,,"",,#2.8
	2.8.4,2,2.8,"Dinamik dil değiştirme (sayfa yenilenmeden)",Bekliyor,Kritik,Frontend,,"",,#2.8
	2.8.5,2,2.8,"URL-based dil routing (/tr/, /en/, vb.)",Bekliyor,Kritik,Frontend,,"SEO dostu",,#2.8
	2.8.6,2,2.8,"Cookie/localStorage ile dil tercihi saklama (kullanıcı tercihi hatırlansın)",Bekliyor,Kritik,Frontend,,"",,#2.8
	2.8.7,2,2.8,"TR çevirileri (tüm UI metinleri için)",Bekliyor,Kritik,Frontend,,"",,#2.8
	2.8.8,2,2.8,"Gelecekte 25+ dil desteği (Almanca, Fransızca, İspanyolca, vb.)",Bekliyor,Kritik,Frontend,,"",,#2.8
	3.1.1,3,3.1,"API klasör yapısı oluştur",Tamamlandı,Kritik,Backend - API,,"✅ `app/api/` yapısı mevcut",,#3.1
	3.1.2,3,3.1,"Middleware (auth, rate limiting, error handling)",Tamamlandı,Kritik,Backend - API,,"✅ Tamamlandı (15 Ocak 2026)",,#3.1
	3.1.3,3,3.1,"API response formatı standardize et",Tamamlandı,Kritik,Backend - API,,"✅ `lib/api/response.ts` ile standardize edildi",,#3.1
	3.2.1,3,3.2,"`POST /api/auth/register`",Tamamlandı,Kritik,Backend - Database,,"Kayıt - ✅ Supabase Auth kullanılıyor",,#3.2
	3.2.2,3,3.2,"`POST /api/auth/login`",Tamamlandı,Kritik,Backend - Database,,"Giriş - ✅ Supabase Auth kullanılıyor",,#3.2
	3.2.3,3,3.2,"`POST /api/auth/logout`",Tamamlandı,Kritik,Backend - Database,,"Çıkış - ✅ Supabase Auth kullanılıyor",,#3.2
	3.2.4,3,3.2,"`GET /api/users/me`",Tamamlandı,Kritik,Backend - Database,,"Kullanıcı bilgileri - ✅ Supabase Auth `getUser()` kullanılıyor",,#3.2
	3.2.5,3,3.2,"`PATCH /api/users/me`",Bekliyor,Kritik,Backend - Database,,"Profil güncelleme - ⏸️ **MVP için gerekli değil** (Supabase Auth profile update yeterli)",,#3.2
	3.2.6,3,3.2,"`GET /api/auth/google`",Tamamlandı,Kritik,Backend - Database,,"Google OAuth callback - ✅ Supabase Auth OAuth kullanılıyor",,#3.2
	3.2.7,3,3.2,"`GET /api/auth/facebook`",Tamamlandı,Kritik,Backend - Database,,"Facebook OAuth callback - ✅ Supabase Auth OAuth kullanılıyor",,#3.2
	3.2.8,3,3.2,"`GET /api/auth/instagram`",Bekliyor,Kritik,Backend - Database,,"Instagram OAuth callback - ⏸️ **Opsiyonel, MVP'de gerekli değil**",,#3.2
	3.4.1,3,3.4,"`POST /api/characters/analyze`",Tamamlandı,Kritik,Backend - Auth,,"Fotoğraf analiz et ve Master Character oluştur - ✅ (Not: 2026-03-01 itibarıyla karakter oluşturma Vision kullanmıyor; açıklama form verisinden. Ref: docs/analysis/VISION_ANALYSIS_NECESSITY.md)",,#3.4
	3.4.2,3,3.4,"`GET /api/characters`",Tamamlandı,Kritik,Backend - Auth,,"Kullanıcının karakterleri - ✅ Character library API",,#3.4
	3.4.3,3,3.4,"`GET /api/characters/:id`",Tamamlandı,Kritik,Backend - Auth,,"Karakter detayları - ✅ Single character API",,#3.4
	3.4.4,3,3.4,"`PATCH /api/characters/:id`",Tamamlandı,Kritik,Backend - Auth,,"Karakter güncelle - ✅ Update character API",,#3.4
	3.4.5,3,3.4,"`DELETE /api/characters/:id`",Tamamlandı,Kritik,Backend - Auth,,"Karakter sil - ✅ Delete character API",,#3.4
	3.4.6,3,3.4,"`POST /api/characters/:id/set-default`",Tamamlandı,Kritik,Backend - Auth,,"Default karakter olarak ayarla - ✅ Set default API",,#3.4
	3.4.7,3,3.4,"`POST /api/characters`",Tamamlandı,Kritik,Backend - Auth,,"Karakter oluştur (form + referans fotoğraf) - ✅ (2026-03-01: Vision kaldırıldı)",,#3.4
	3.4.8,3,3.4,"`POST /api/characters/upload-photo`",Bekliyor,Kritik,Backend - Auth,,"Referans görsel yükle (Supabase Storage) - ⏳ Sonraki adım",,#3.4
	3.4.9,3,3.4,"API iyileştirmeleri (Character Library için)",Bekliyor,Kritik,Backend - Auth,,"🆕 **Karakter Yönetimi Sistemi (15 Ocak 2026)**",,#3.4
	3.6.1,3,3.6,"Books database helper functions",Tamamlandı,Kritik,Backend - Kitap API,,"PDF oluştur ✅ (10 Ocak 2026)",,#3.6
	3.6.2,3,3.6,"`POST /api/books`",Tamamlandı,Kritik,Backend - Kitap API,,"**Not:** Temel tasarım tamamlandı, profesyonel tasarım iyileştirmesi Faz 5'te yapılacak",,#3.6
	3.6.3,3,3.6,"`GET /api/books`",Tamamlandı,Kritik,Backend - Kitap API,,"",,#3.6
	3.6.4,3,3.6,"`GET /api/books/:id`",Tamamlandı,Kritik,Backend - Kitap API,,"",,#3.6
	3.6.5,3,3.6,"`PATCH /api/books/:id`",Tamamlandı,Kritik,Backend - Kitap API,,"Kitap güncelle - ✅ Favorite, status, images update (10 Ocak 2026)",,#3.6
	3.6.6,3,3.6,"`DELETE /api/books/:id`",Tamamlandı,Kritik,Backend - Kitap API,,"Kitap sil - ✅ Ownership verification, cascade delete (10 Ocak 2026)",,#3.6
	3.6.7,3,3.6,"Hikaye edit özelliği (23 Ocak 2026)",Bekliyor,Kritik,Backend - Kitap API,,"",,#3.6
	3.5.10,3,3.5,"Karakter Tutarlılığı İyileştirmeleri (16 Ocak 2026)",Tamamlandı,Kritik,AI - Entegrasyon,,"✅ **TAMAMLANDI** (15 Ocak 2026)",,#3.5
	3.5.11,3,3.5,"Karakter Tutarlılığı İyileştirmeleri",Tamamlandı,Kritik,AI - Entegrasyon,,"✅ **TAMAMLANDI** (15 Ocak 2026)",,#3.5
	3.5.12,3,3.5,"Cover Generation ve Additional Characters İyileştirmeleri (16 Ocak 2026)",Tamamlandı,Kritik,AI - Entegrasyon,,"",,#3.5
	3.5.13,3,3.5,"Sahne Çeşitliliği ve Görsel Varyasyon İyileştirmeleri (16 Ocak 2026)",Tamamlandı,Kritik,AI - Entegrasyon,,"⏸️ **Ertelendi (daha sonra)**",,#3.5
	3.5.14,3,3.5,"Retry Mekanizması ve Hata Yönetimi İyileştirmeleri (16 Ocak 2026)",Tamamlandı,Kritik,AI - Entegrasyon,,"✅ `lib/prompts/config.ts` (version management, A/B testing)",,#3.5
	3.5.15,3,3.5,"El Ele Tutuşma Yasağı (16 Ocak 2026)",Tamamlandı,Kritik,AI - Entegrasyon,,"✅ **TAMAMLANDI** (15 Ocak 2026)",,#3.5
	3.5.1,3,3.5,"Prompt Management System",Tamamlandı,Kritik,AI - Entegrasyon,,"✅ Versiyonlama, feedback, A/B testing altyapısı (`lib/prompts/`)",,#3.5
	3.5.2,3,3.5,"Story Generation Prompts v1.0.0",Tamamlandı,Kritik,AI - Entegrasyon,,"✅ Yaş gruplarına özel, safety rules, educational content",,#3.5
	3.5.3,3,3.5,"Image Generation Prompts v1.0.0",Tamamlandı,Kritik,AI - Entegrasyon,,"✅ Character consistency, scene generation, negative prompts",,#3.5
	3.5.4,3,3.5,"Character Consistency System",Tamamlandı,Kritik,AI - Entegrasyon,,"✅ Master Character concept, multi-book tutarlılığı",,#3.5
	3.5.5,3,3.5,"`POST /api/ai/generate-story`",Tamamlandı,Kritik,AI - Entegrasyon,,"Hikaye üret - ✅ GPT-4o entegrasyonu, Master Character kullanımı",,#3.5
	3.5.6,3,3.5,"`POST /api/ai/generate-images`",Tamamlandı,Kritik,AI - Entegrasyon,,"Tüm sayfalar için görsel üret - ✅ GPT-image API'ye geçildi (15 Ocak 2026)",,#3.5
	3.5.7,3,3.5,"`POST /api/ai/generate-cover`",Tamamlandı,Kritik,AI - Entegrasyon,,"Ücretsiz kapak oluştur (hakkı kontrol et) - ✅ API endpoint oluşturuldu (10 Ocak 2026)",,#3.5
	3.5.8,3,3.5,"Prompt template'leri",Tamamlandı,Kritik,AI - Entegrasyon,,"✅ POC'tan taşındı ve geliştirildi (`lib/prompts/`)",,#3.5
	3.5.9,3,3.5,"Create Book'da cover generation entegrasyonu",Tamamlandı,Kritik,AI - Entegrasyon,,"✅ **TAMAMLANDI** (15 Ocak 2026)",,#3.5
	3.5.16,3,3.5,"Prompt Güncelleme Sistemi (23 Ocak 2026)",Bekliyor,Kritik,AI - Entegrasyon,,"ChatGPT-style mask-based editing ✅ **TAMAMLANDI** (17 Ocak 2026)",,#3.5
	3.5.18,3,3.5,"Gemini Banana Model Entegrasyonu (23 Ocak 2026)",Bekliyor,Kritik,AI - Entegrasyon,,"",,#3.5
	3.5.19,3,3.5,"Görsel Kompozisyon İyileştirmesi (23 Ocak 2026)",Bekliyor,Kritik,AI - Entegrasyon,,"",,#3.5
	3.5.20,3,3.5,"Kapak ve İlk Sayfa Benzerliği Düzeltmesi (23 Ocak 2026)",Bekliyor,Kritik,AI - Entegrasyon,,"🔴 **YÜKSEK ÖNCELİK**",,#3.5
	3.5.21,3,3.5,"Paragraf Yapısı İyileştirmesi (23 Ocak 2026)",Bekliyor,Kritik,AI - Entegrasyon,,"🔴 **YÜKSEK ÖNCELİK**",,#3.5
	3.5.22,3,3.5,"Çocuk Boyları Prompt İyileştirmesi (23 Ocak 2026)",Bekliyor,Kritik,AI - Entegrasyon,,"🔴 **YÜKSEK ÖNCELİK**",,#3.5
	3.5.23,3,3.5,"AI Maliyet Optimizasyonu (23 Ocak 2026)",Bekliyor,Kritik,AI - Entegrasyon,,"🔴 **ACİL - ÖNEMLİ**",,#3.5
	3.5.24,3,3.5,"Kitap oluşturma – Herhangi bir hata durumunda tüm kitap fail (24 Ocak 2026)",Bekliyor,Kritik,AI - Entegrasyon,,"",,#3.5
	3.5.26,3,3.5,"Image API Refactor",Tamamlandı,Kritik,AI - Entegrasyon,,"Modülerleştirme (24 Ocak 2026) - ✅ **TAMAMLANDI**",,#3.5
	3.5.25,3,3.5,"Story API Refactor",Tamamlandı,Kritik,AI - Entegrasyon,,"Modülerleştirme (24 Ocak 2026) - ✅ **TAMAMLANDI**",,#3.5
	3.5.27,3,3.5,"Create Book Test İyileştirmeleri (2 Şubat 2026)",Tamamlandı,Kritik,AI - Entegrasyon,,"✅ **TAMAMLANDI**",,#3.5
	3.5.28,3,3.5,"İfade Çeşitliliği ve Sinematik Hikaye Anlatımı (3 Şubat 2026)",Tamamlandı,Kritik,AI - Entegrasyon,,"✅ **TAMAMLANDI**",,#3.5
	3.5.29,3,3.5,"customRequests boşken varsayılan öneri (yaş + tema) (7 Şubat 2026)",Bekliyor,Kritik,AI - Entegrasyon,,"**DO**, Bekliyor",,#3.5
	3.5.17,3,3.5,"Görsel Revize UX İyileştirmesi (23 Ocak 2026)",Bekliyor,Kritik,AI - Entegrasyon,,"",,#3.5
	3.7.1,3,3.7,"Stripe webhook handler",Bekliyor,Kritik,Backend - Webhook,,"",,#3.7
	3.7.2,3,3.7,"İyzico webhook handler",Bekliyor,Kritik,Backend - Webhook,,"",,#3.7
	4.1.1,4,4.1,"Stripe hesabı oluştur ve yapılandır",Bekliyor,Kritik,E-ticaret - Stripe,,"",,#4.1
	4.1.2,4,4.1,"Stripe SDK kurulumu",Bekliyor,Kritik,E-ticaret - Stripe,,"",,#4.1
	4.1.3,4,4.1,"Ürünler ve fiyatlar oluştur",Bekliyor,Kritik,E-ticaret - Stripe,,"",,#4.1
	4.1.4,4,4.1,"Checkout session oluşturma",Bekliyor,Kritik,E-ticaret - Stripe,,"",,#4.1
	4.1.5,4,4.1,"Payment intent flow",Bekliyor,Kritik,E-ticaret - Stripe,,"",,#4.1
	4.1.6,4,4.1,"Stripe webhook handler",Bekliyor,Kritik,E-ticaret - Stripe,,"✅ Faz 3.7'den taşındı (15 Ocak 2026)",,#4.1
	4.1.7,4,4.1,"Test modu ile test et",Bekliyor,Kritik,E-ticaret - Stripe,,"",,#4.1
	4.2.1,4,4.2,"İyzico hesabı oluştur",Bekliyor,Kritik,E-ticaret - İyzico,,"",,#4.2
	4.2.2,4,4.2,"İyzico SDK kurulumu",Bekliyor,Kritik,E-ticaret - İyzico,,"",,#4.2
	4.2.3,4,4.2,"Ödeme formu entegrasyonu",Bekliyor,Kritik,E-ticaret - İyzico,,"",,#4.2
	4.2.4,4,4.2,"3D Secure desteği",Bekliyor,Kritik,E-ticaret - İyzico,,"",,#4.2
	4.2.5,4,4.2,"İyzico webhook handler",Bekliyor,Kritik,E-ticaret - İyzico,,"✅ Faz 3.7'den taşındı (15 Ocak 2026)",,#4.2
	4.2.6,4,4.2,"Callback handler (3D Secure sonrası)",Bekliyor,Kritik,E-ticaret - İyzico,,"",,#4.2
	4.2.7,4,4.2,"Test modu ile test et",Bekliyor,Kritik,E-ticaret - İyzico,,"",,#4.2
	4.3.1,4,4.3,"Checkout sayfası",Bekliyor,Kritik,E-ticaret - Sipariş,,"",,#4.3
	4.3.2,4,4.3,"Sipariş özeti component",Bekliyor,Kritik,E-ticaret - Sipariş,,"",,#4.3
	4.3.3,4,4.3,"Sepet Sistemi (23 Ocak 2026)",Tamamlandı,Kritik,E-ticaret - Sipariş,DO,"🔴 **ÖNEMLİ** | 🔴 DO - ✅ **TAMAMLANDI (25 Ocak 2026)**",,#4.3
	4.3.4,4,4.3,"Ödeme başarılı sayfası",Bekliyor,Kritik,E-ticaret - Sipariş,,"",,#4.3
	4.3.5,4,4.3,"Sipariş durumu takibi (kullanıcı tarafı)",Bekliyor,Kritik,E-ticaret - Sipariş,,"",,#4.3
	4.3.6,4,4.3,"Email bildirimleri",Bekliyor,Kritik,E-ticaret - Sipariş,,"",,#4.3
	4.3.7,4,4.3,"Sipariş API'leri (Backend)",Bekliyor,Kritik,E-ticaret - Sipariş,,"🆕 **25 Ocak 2026**",,#4.3
	4.3.8,4,4.3,"Kullanıcı API'leri (Backend",Bekliyor,Kritik,E-ticaret - Sipariş,,"Admin) - 🆕 **25 Ocak 2026**",,#4.3
	4.4.1,4,4.4,"Sayfa sayısına göre fiyatlandırma (10/15/20 sayfa)",Bekliyor,Kritik,E-ticaret - Fiyatlandırma,,"",,#4.4
	4.4.2,4,4.4,"E-book vs Basılı kitap fiyatları",Bekliyor,Kritik,E-ticaret - Fiyatlandırma,,"",,#4.4
	4.4.3,4,4.4,"İndirim kodu sistemi (gelecekte)",Bekliyor,Kritik,E-ticaret - Fiyatlandırma,,"",,#4.4
	4.4.4,4,4.4,"Ücretsiz kapak hakkı takibi",Bekliyor,Kritik,E-ticaret - Fiyatlandırma,,"",,#4.4
	4.4.10,4,4.4,"Bot Koruması",Bekliyor,Kritik,E-ticaret - Fiyatlandırma,,"CAPTCHA Entegrasyonu (25 Ocak 2026)",,#4.4
	4.4.7,4,4.4,"Yurtdışı Şirket Kurulumu (23 Ocak 2026)",Bekliyor,Kritik,E-ticaret - Fiyatlandırma,,"TR Dışı Hardcopy Baskı (26 Ocak 2026)",,#4.4
	4.4.8,4,4.4,"Abonelik Modeli Araştırması (23 Ocak 2026)",Bekliyor,Kritik,E-ticaret - Fiyatlandırma,,"",,#4.4
	4.4.5,4,4.4,"Satış ve sepet kurgusu (23 Ocak 2026) | ✅ Tamamlandı (FAZ4_4_5_IMPLEMENTATION.md)",Tamamlandı,Kritik,E-ticaret - Fiyatlandırma,,"",,#4.4
	4.4.9,4,4.4,"Ürün Satın Alma Akışı (25 Ocak 2026)",Tamamlandı,Kritik,E-ticaret - Fiyatlandırma,DO,"✅ **KISMEN TAMAMLANDI (25 Ocak 2026)**",,#4.4
	4.4.6,4,4.4,"Hardcopy sadece TR",Bekliyor,Kritik,E-ticaret - Fiyatlandırma,,"Yabancı kullanıcılar için bilgilendirme (23 Ocak 2026)",,#4.4
	5.1.0,5,5.1,"Logo, favicon, `site.webmanifest`, varsayılan OG/Twitter görseli (`/brand.png`), `metadata.icons` — ✅ 21 Mart 2026 — `docs/analysis/LOGO_FAVICON_SITE_INTEGRATION_ANALYSIS.md`",Tamamlandı,Önemli,SEO,,"",,#5.1
	5.1.1,5,5.1,"Meta tags ve Open Graph (kalan: JSON-LD, Lighthouse, sayfa bazlı OG ince ayarı vb.)",Bekliyor,Önemli,SEO,,"",,#5.1
	5.1.2,5,5.1,"Sitemap.xml",Bekliyor,Önemli,SEO,,"",,#5.1
	5.1.3,5,5.1,"robots.txt",Bekliyor,Önemli,SEO,,"",,#5.1
	5.1.4,5,5.1,"Structured data (JSON-LD)",Bekliyor,Önemli,SEO,,"",,#5.1
	5.1.5,5,5.1,"Performance optimizasyonu (Lighthouse)",Bekliyor,Önemli,SEO,,"",,#5.1
	5.2.1,5,5.2,"Google Analytics 4 kurulumu",Bekliyor,Önemli,Analytics,,"",,#5.2
	5.2.2,5,5.2,"Event tracking (kitap oluşturma, satın alma)",Bekliyor,Önemli,Analytics,,"",,#5.2
	5.2.3,5,5.2,"Conversion tracking",Bekliyor,Önemli,Analytics,,"",,#5.2
	5.2.4,5,5.2,"Custom dashboard (opsiyonel)",Bekliyor,Önemli,Analytics,,"",,#5.2
	5.8.1,5,5.8,"Admin panel oluşturma",Bekliyor,Önemli,Admin Panel,,"",,#5.8
	5.8.2,5,5.8,"UI Kit seçimi",Bekliyor,Önemli,Admin Panel,,"",,#5.8
	5.8.3,5,5.8,"Analytics entegrasyonu",Bekliyor,Önemli,Admin Panel,,"",,#5.8
	5.8.4,5,5.8,"Sipariş Yönetimi (Admin)",Bekliyor,Önemli,Admin Panel,,"🆕 **25 Ocak 2026**",,#5.8
	5.8.5,5,5.8,"Kullanıcı Yönetimi (Admin)",Bekliyor,Önemli,Admin Panel,,"🆕 **25 Ocak 2026**",,#5.8
	5.8.6,5,5.8,"Kitap Yönetimi (Admin)",Bekliyor,Önemli,Admin Panel,,"🆕 **25 Ocak 2026**",,#5.8
	5.8.7,5,5.8,"Dashboard İstatistikleri",Bekliyor,Önemli,Admin Panel,,"🆕 **25 Ocak 2026**",,#5.8
	5.8.8,5,5.8,"Sistem Yönetimi",Bekliyor,Önemli,Admin Panel,,"🆕 **25 Ocak 2026**",,#5.8
	5.3.1,5,5.3,"HTTPS sertifikası (Nginx + Let's Encrypt; bkz. 5.5.3)",Bekliyor,Önemli,Güvenlik,,"",,#5.3
	5.3.2,5,5.3,"Rate limiting",Bekliyor,Önemli,Güvenlik,,"",,#5.3
	5.3.3,5,5.3,"Input validasyonu",Bekliyor,Önemli,Güvenlik,,"",,#5.3
	5.3.4,5,5.3,"CSRF protection",Bekliyor,Önemli,Güvenlik,,"",,#5.3
	5.3.5,5,5.3,"GDPR/KVKK uyumluluk kontrolü",Bekliyor,Önemli,Güvenlik,,"",,#5.3
	5.3.6,5,5.3,"GDPR/KVKK Veri Silme ve Hesap Silme (23 Ocak 2026)",Bekliyor,Önemli,Güvenlik,,"",,#5.3
	5.3.7,5,5.3,"IP Bazlı Attack Detection (23 Ocak 2026)",Bekliyor,Önemli,Güvenlik,,"",,#5.3
	5.3.8,5,5.3,"AWS / S3 Güvenlik ve Dosya Erişim Kontrolü",Bekliyor,Önemli,Güvenlik,,"",,#5.3
	5.3.9,5,5.3,"API Key Güvenliği (23 Ocak 2026)",Bekliyor,Önemli,Güvenlik,,"🔴 **KRİTİK**",,#5.3
	5.4.1,5,5.4,"Manuel test (tüm akışlar)",Bekliyor,Önemli,Test,,"",,#5.4
	5.4.2,5,5.4,"Mobil test",Bekliyor,Önemli,Test,,"",,#5.4
	5.4.3,5,5.4,"Cross-browser test",Bekliyor,Önemli,Test,,"",,#5.4
	5.4.4,5,5.4,"Ödeme testleri (sandbox)",Bekliyor,Önemli,Test,,"",,#5.4
	5.4.5.1,5,5.4,"Production'da kullanıcı dostu hata yönetimi (Şubat 2026)",Bekliyor,Önemli,Test,,"",,#5.4
	5.5.7,5,5.5,"AWS'de production makine kurulumu ✅ (Şubat 2026)",Tamamlandı,Önemli,Deployment,,"",,#5.5
	5.5.1,5,5.5,"EC2'de Next.js uygulaması deploy",Bekliyor,Önemli,Deployment,DO,"",,#5.5
	5.5.2,5,5.5,"Domain bağlantısı",Bekliyor,Önemli,Deployment,DO,"",,#5.5
	5.5.3,5,5.5,"SSL sertifikası (Let's Encrypt + Nginx)",Bekliyor,Önemli,Deployment,DO,"",,#5.5
	5.5.4,5,5.5,"Monitoring kurulumu",Bekliyor,Önemli,Deployment,,"",,#5.5
	5.5.5,5,5.5,"Error tracking (Sentry)",Bekliyor,Önemli,Deployment,,"",,#5.5
	5.5.6,5,5.5,"Production Environment Variables Kontrolü",Bekliyor,Önemli,Deployment,,"",,#5.5
	5.5.10,5,5.5,"Production Veritabanı Migration Akışı ✅ (Şubat 2026)",Tamamlandı,Önemli,Deployment,,"",,#5.5
	5.5.8,5,5.5,"CI/CD Pipeline (Otomatik Deployment)",Bekliyor,Önemli,Deployment,PLAN,"",,#5.5
	5.5.9,5,5.5,"Docker ile Deployment (Opsiyonel)",Bekliyor,Önemli,Deployment,PLAN,"",,#5.5
	5.7.1,5,5.7,"Profesyonel PDF template tasarımı ✅ (17 Ocak 2026)",Tamamlandı,Önemli,PDF Tasarım,,"",,#5.7
	5.7.1.1,5,5.7,"PDF Layout İyileştirmeleri ✅ (25 Ocak 2026)",Tamamlandı,Önemli,PDF Tasarım,,"",,#5.7
	5.7.2,5,5.7,"PDF preview özelliği (indirmeden önce önizleme)",Bekliyor,Önemli,PDF Tasarım,,"",,#5.7
	5.7.3,5,5.7,"PDF customization seçenekleri (opsiyonel)",Bekliyor,Önemli,PDF Tasarım,,"",,#5.7
	5.7.4,5,5.7,"Çeşitli arka plan desenleri seçenekleri",Bekliyor,Önemli,PDF Tasarım,,"",,#5.7
	5.7.5,5,5.7,"PDF Title Font Türkçe Karakter Desteği (23 Ocak 2026)",Bekliyor,Önemli,PDF Tasarım,,"",,#5.7
	5.7.6,5,5.7,"PDF Kapak Sayfası A5 Dikey Format (23 Ocak 2026)",Bekliyor,Önemli,PDF Tasarım,,"",,#5.7
	5.7.7,5,5.7,"Arka Kapak Tasarımı (23 Ocak 2026)",Bekliyor,Önemli,PDF Tasarım,,"🔴 **YÜKSEK ÖNCELİK**",,#5.7
	5.7.8,5,5.7,"PDF Layout Bug Düzeltmesi (25 Ocak 2026)",Bekliyor,Önemli,PDF Tasarım,,"🔴 **KRİTİK BUG**",,#5.7
	5.6.1,5,5.6,"Örnek kitaplar oluştur (demo)",Bekliyor,Önemli,Lansman,DO,"",,#5.6
	5.6.2,5,5.6,"Sosyal medya hesapları",Bekliyor,Önemli,Lansman,,"",,#5.6
	5.6.3,5,5.6,"Landing page son kontrolü",Bekliyor,Önemli,Lansman,,"",,#5.6
	5.6.4,5,5.6,"Beta kullanıcılar ile test",Bekliyor,Önemli,Lansman,,"",,#5.6
	5.9.1,5,5.9,"Product Hunt yayınlama planı",Bekliyor,Önemli,Pazarlama,,"",,#5.9
	5.9.2,5,5.9,"""There's an AI for That"" yayınlama planı",Bekliyor,Önemli,Pazarlama,,"",,#5.9
	5.9.3,5,5.9,"Diğer pazarlama kanalları",Bekliyor,Önemli,Pazarlama,,"",,#5.9
	5.9.6,5,5.9,"Ürün Değer Önerisi ve Pazarlama Mesajları (26 Ocak 2026)",Bekliyor,Önemli,Pazarlama,,"",,#5.9
	5.10.1,5,5.10,"Proje ile ilgili harcanan maliyetleri ele almak için bir bölüm olmalı",Bekliyor,Önemli,Polish / Lansman,,"",,#5.10
	5.9.4,5,5.9,"Etsy ve Türkiye Pazar Yerleri Araştırması (23 Ocak 2026)",Bekliyor,Önemli,Pazarlama,,"",,#5.10
	5.9.5,5,5.9,"Banner ve Promosyon Materyalleri (23 Ocak 2026)",Bekliyor,Önemli,Pazarlama,,"",,#5.10
	5.9.7,5,5.9,"Sesli Hikaye Özelliği Pazarlama ve İletişim (26 Ocak 2026)",Bekliyor,Önemli,Pazarlama,,"",,#5.10
	5.11.1,5,5.11,"Altyapı: next-intl kurulumu, [locale] routing, middleware (DEV-1) — ✅ 7 Mart 2026",Tamamlandı,Önemli,Polish / Lansman,,"",,#5.11
	5.11.2,5,5.11,"Çeviri dosyaları + Header/Footer lokalizasyonu + dil seçici (DEV-2) — ✅ 7 Mart 2026",Tamamlandı,Önemli,Polish / Lansman,,"",,#5.11
	5.11.3,5,5.11,"Ana sayfa bileşenleri metin taşıma: Hero, HowItWorks, Features, FAQ, CampaignBanners, CookieConsent (DEV-3) — ✅ 7 Mart 2026",Tamamlandı,Önemli,Polish / Lansman,,"",,#5.11
	5.11.4,5,5.11,"Auth + Create wizard metin taşıma (DEV-4) ✅ 7 Mart 2026 — Login/Register/ForgotPassword/VerifyEmail + Create Step1–Step6 + from-example tüm UI metinleri lokalize edildi",Tamamlandı,Önemli,Polish / Lansman,,"",,#5.11
	5.11.5,5,5.11,"Dashboard + Kitap sayfaları metin taşıma (DEV-5) ✅ 7 Mart 2026 — Dashboard/Settings + BookViewer + books/[id]/settings/view lokalize edildi; dashboard.settings + bookViewer.settings namespace'leri eklendi; yeni sayfa ekleme rehberi localization-agent'a yüklendi",Tamamlandı,Önemli,Polish / Lansman,,"",,#5.11
	5.11.6,5,5.11,"E-ticaret sayfaları metin taşıma (DEV-6) ✅ — pricing, cart, checkout, checkout/success, CartSummary, CheckoutForm, PlanSelectionModal, draft-preview lokalize edildi; `pricing`, `cart`, `draftPreview` namespace eklendi; `checkout.plan` & `checkout.success` & `checkout.shipping` genişletildi",Tamamlandı,Önemli,Polish / Lansman,,"",,#5.11
	5.11.7,5,5.11,"Örnek hikaye içerik lokalizasyonu (DEV-7) ✅ — `ExampleBook.localeKey` + `UsedPhoto.characterNameKey` alanları; mock data oluşturucu yapısı; examples sayfası tam lokalize (başlık, filtreler, boş durum, before/after, butonlar, kitap title/description/theme, karakter isimleri); TR: Ada/Can/Ece/Zeynep/Arya karakter isimleri",Tamamlandı,Önemli,Polish / Lansman,,"",,#5.11
	5.11.8,5,5.11,"API hata mesajları lokalizasyonu (DEV-8) ✅ — `lib/api/client-errors.ts` utility (getApiErrorMessage/getApiResponseError); `response.ts`'e error code→i18n key dokümantasyonu; `create.step6.toasts` ve `create.fromExample.toasts` namespace'leri genişletildi; step6 + from-example tüm toast mesajları t() ile lokalize edildi",Tamamlandı,Önemli,Polish / Lansman,,"",,#5.11
	5.11.9,5,5.11,"SEO: hreflang, locale-aware metadata, sitemap (DEV-9) ✅ — `lib/metadata.ts` buildPageMetadata helper; hreflang alternates; OG locale; `app/sitemap.ts` (locale-aware); `app/robots.ts`; examples/pricing/create/auth layout'ları ile page-level metadata",Tamamlandı,Önemli,Polish / Lansman,,"",,#5.11
	5.11.10,5,5.11,"Test ve QA (DEV-10) ✅ — next/link + next/navigation tarama ve düzeltme; hardcoded string lokalizasyonu (PricingSection, ExampleBooksCarousel, auth/callback); 871 key tam EN=TR eşleşmesi doğrulandı; middleware + auth redirect locale doğrulaması",Tamamlandı,Önemli,Polish / Lansman,,"",,#5.11
	6.1.1,6,6.1,"next-pwa paketi kurulumu",Bekliyor,Düşük,Mobil / PWA,,"",,#6.1
	6.1.2,6,6.1,"Manifest.json oluşturma (app name, icons, theme color)",Bekliyor,Düşük,Mobil / PWA,,"",,#6.1
	6.1.3,6,6.1,"Service Worker yapılandırması",Bekliyor,Düşük,Mobil / PWA,,"",,#6.1
	6.1.4,6,6.1,"App icon'ları oluştur (192x192, 512x512, iOS icon'ları)",Bekliyor,Düşük,Mobil / PWA,,"",,#6.1
	6.1.5,6,6.1,"Splash screen yapılandırması",Bekliyor,Düşük,Mobil / PWA,,"",,#6.1
	6.1.6,6,6.1,"Offline desteği (cache strategy)",Bekliyor,Düşük,Mobil / PWA,,"",,#6.1
	6.1.7,6,6.1,"Install prompt (PWA yükleme butonu)",Bekliyor,Düşük,Mobil / PWA,,"",,#6.1
	6.2.1,6,6.2,"Touch gesture desteği (swipe, pinch)",Bekliyor,Düşük,Mobil / PWA,,"",,#6.2
	6.2.2,6,6.2,"Mobil navigasyon iyileştirmeleri",Bekliyor,Düşük,Mobil / PWA,,"",,#6.2
	6.2.3,6,6.2,"Fotoğraf yükleme optimizasyonu (mobil kamera entegrasyonu)",Bekliyor,Düşük,Mobil / PWA,,"",,#6.2
	6.2.4,6,6.2,"Push notification desteği (opsiyonel)",Bekliyor,Düşük,Mobil / PWA,,"",,#6.2
	6.2.5,6,6.2,"Share API entegrasyonu (kitap paylaşma)",Bekliyor,Düşük,Mobil / PWA,,"",,#6.2
	6.2.6,6,6.2,"Responsive tasarım son kontrolleri",Bekliyor,Düşük,Mobil / PWA,,"",,#6.2
	6.2.7,6,6.2,"Çocuk Modu Telefon Kilidi Önleme (23 Ocak 2026)",Bekliyor,Düşük,Mobil / PWA,,"",,#6.2
	6.3.1,6,6.3,"PWA Builder veya Bubblewrap ile TWA projesi oluştur",Bekliyor,Düşük,Mobil / PWA,,"",,#6.3
	6.3.2,6,6.3,"Android manifest yapılandırması",Bekliyor,Düşük,Mobil / PWA,,"",,#6.3
	6.3.3,6,6.3,"APK/AAB build alma",Bekliyor,Düşük,Mobil / PWA,,"",,#6.3
	6.3.4,6,6.3,"Google Play Console hesabı oluştur ($25 tek seferlik)",Bekliyor,Düşük,Mobil / PWA,,"",,#6.3
	6.3.5,6,6.3,"Store listing hazırlama (açıklama, ekran görüntüleri, icon)",Bekliyor,Düşük,Mobil / PWA,,"",,#6.3
	6.3.6,6,6.3,"Play Store'a yükleme ve yayınlama",Bekliyor,Düşük,Mobil / PWA,,"",,#6.3
	6.3.7,6,6.3,"Test ve inceleme süreci",Bekliyor,Düşük,Mobil / PWA,,"",,#6.3
	6.4.1,6,6.4,"Capacitor kurulumu ve yapılandırması",Bekliyor,Düşük,Mobil / PWA,,"",,#6.4
	6.4.2,6,6.4,"iOS platform ekleme",Bekliyor,Düşük,Mobil / PWA,,"",,#6.4
	6.4.3,6,6.4,"iOS native wrapper oluşturma",Bekliyor,Düşük,Mobil / PWA,,"",,#6.4
	6.4.4,6,6.4,"Xcode projesi yapılandırması",Bekliyor,Düşük,Mobil / PWA,,"",,#6.4
	6.4.5,6,6.4,"Apple Developer hesabı oluştur ($99/yıl)",Bekliyor,Düşük,Mobil / PWA,,"",,#6.4
	6.4.6,6,6.4,"App Store Connect'te uygulama oluşturma",Bekliyor,Düşük,Mobil / PWA,,"",,#6.4
	6.4.7,6,6.4,"Store listing hazırlama (açıklama, ekran görüntüleri, icon)",Bekliyor,Düşük,Mobil / PWA,,"",,#6.4
	6.4.8,6,6.4,"App Store'a yükleme ve yayınlama",Bekliyor,Düşük,Mobil / PWA,,"",,#6.4
	6.4.9,6,6.4,"Test ve inceleme süreci",Bekliyor,Düşük,Mobil / PWA,,"",,#6.4
	6.5.1,6,6.5,"PWA test (Lighthouse PWA audit)",Bekliyor,Düşük,Mobil / PWA,,"",,#6.5
	6.5.2,6,6.5,"Android cihazlarda test (farklı ekran boyutları)",Bekliyor,Düşük,Mobil / PWA,,"",,#6.5
	6.5.3,6,6.5,"iOS cihazlarda test (iPhone, iPad)",Bekliyor,Düşük,Mobil / PWA,,"",,#6.5
	6.5.4,6,6.5,"Performance optimizasyonu (bundle size, loading time)",Bekliyor,Düşük,Mobil / PWA,,"",,#6.5
	6.5.5,6,6.5,"Offline functionality test",Bekliyor,Düşük,Mobil / PWA,,"",,#6.5
	6.5.6,6,6.5,"Store'larda görünürlük ve kullanılabilirlik testi",Bekliyor,Düşük,Mobil / PWA,,"",,#6.5
	6.6.1,6,6.6,"OTA (Over-The-Air) güncelleme stratejisi",Bekliyor,Düşük,Mobil / PWA,,"",,#6.6
	6.6.2,6,6.6,"Store güncelleme süreci dokümantasyonu",Bekliyor,Düşük,Mobil / PWA,,"",,#6.6
	6.6.3,6,6.6,"Kullanıcı geri bildirimi toplama sistemi",Bekliyor,Düşük,Mobil / PWA,,"",,#6.6
	6.6.4,6,6.6,"Crash reporting (Sentry veya benzeri)",Bekliyor,Düşük,Mobil / PWA,,"",,#6.6