ID,Faz,Alt Faz,BaÅŸlÄ±k,Durum,Ã–ncelik,Kategori,Priority,Notlar,Tarih,Link
	1.1.1,1,1.1,"Next.js 14 projesi oluÅŸtur (App Router)",TamamlandÄ±,Kritik,AltyapÄ±,,"",,#1.1
	1.1.2,1,1.1,"Tailwind CSS kur ve yapÄ±landÄ±r",TamamlandÄ±,Kritik,AltyapÄ±,,"",,#1.1
	1.1.3,1,1.1,"shadcn/ui kur ve tema ayarla",TamamlandÄ±,Kritik,AltyapÄ±,,"",,#1.1
	1.1.4,1,1.1,"ESLint + Prettier ayarla",TamamlandÄ±,Kritik,AltyapÄ±,,"",,#1.1
	1.1.5,1,1.1,"Git repo ve branch stratejisi belirle",TamamlandÄ±,Kritik,AltyapÄ±,,"",,#1.1
	1.2.1,1,1.2,"Supabase projesi oluÅŸtur",TamamlandÄ±,Kritik,AltyapÄ±,,"",,#1.2
	1.2.2,1,1.2,"VeritabanÄ± ÅŸemasÄ± tasarla ve oluÅŸtur",TamamlandÄ±,Kritik,AltyapÄ±,,"",,#1.2
	1.2.3,1,1.2,"Supabase Auth entegrasyonu (email/password + OAuth)",TamamlandÄ±,Kritik,AltyapÄ±,,"Client setup tamamlandÄ±",,#1.2
	1.2.4,1,1.2,"Storage bucket'larÄ± oluÅŸtur (photos, books, pdfs, covers)",TamamlandÄ±,Kritik,AltyapÄ±,,"",,#1.2
	1.2.5,1,1.2,"Row Level Security (RLS) kurallarÄ±",TamamlandÄ±,Kritik,AltyapÄ±,,"Migration'da hazÄ±r",,#1.2
	1.2.6,1,1.2,"Supabase vs AWS DeÄŸerlendirmesi (23 Ocak 2026)",Bekliyor,Kritik,AltyapÄ±,,"",,#1.2
	1.2.7,1,1.2,"Database Backup Sistemi (23 Ocak 2026)",Bekliyor,Kritik,AltyapÄ±,,"",,#1.2
	1.3.1,1,1.3,"`.env.local` dosyasÄ± oluÅŸtur",TamamlandÄ±,Kritik,AltyapÄ±,,"âœ… Kontrol edildi ve optimize edildi",,#1.3
	1.3.2,1,1.3,"TÃ¼m API key'leri ekle (OpenAI, Groq, Supabase)",TamamlandÄ±,Kritik,AltyapÄ±,,"âœ… `.env.example` template hazÄ±r",,#1.3
	1.3.3,1,1.3,"Vercel environment variables ayarla",TamamlandÄ±,Kritik,AltyapÄ±,,"âœ… DokÃ¼mante edildi (`docs/guides/ENVIRONMENT_SETUP.md`)",,#1.3
	1.3.4,1,1.3,"Development/Production config ayrÄ±mÄ±",TamamlandÄ±,Kritik,AltyapÄ±,,"âœ… `lib/config.ts` oluÅŸturuldu",,#1.3
	1.3.5,1,1.3,"Log YapÄ±sÄ± (23 Ocak 2026)",Bekliyor,Kritik,AltyapÄ±,,"",,#1.3
	2.1.1,2,2.1,"Ana layout component (header, footer, nav)",TamamlandÄ±,Kritik,Frontend - Layout,,"âœ… Header + Footer component'leri entegre edildi (v0.app'den alÄ±ndÄ±)",,#2.1
	2.1.2,2,2.1,"Responsive tasarÄ±m (mobile-first)",TamamlandÄ±,Kritik,Frontend - Layout,,"âœ… Header ve Footer responsive (mobile menu mevcut)",,#2.1
	2.1.3,2,2.1,"Tema sistemi (renk paleti, typography)",Bekliyor,Kritik,Frontend - Layout,,"",,#2.1
	2.1.4,2,2.1,"Loading states ve error boundaries",Bekliyor,Kritik,Frontend - Layout,,"â¸ï¸ **Ertelendi (Faz 2.2 sonrasÄ±)**",,#2.1
	2.1.5,2,2.1,"Header'da Ã¼lke/para birimi seÃ§ici",TamamlandÄ±,Kritik,Frontend - Layout,,"âœ… DropdownMenu ile entegre edildi",,#2.1
	2.1.6,2,2.1,"Header'da sepet ikonu (shopping bag)",TamamlandÄ±,Kritik,Frontend - Layout,,"âœ… ShoppingCart icon + badge animasyonu",,#2.1
	2.1.7,2,2.1,"""Create a children's book"" butonu header'da",TamamlandÄ±,Kritik,Frontend - Layout,,"âœ… Gradient CTA button eklendi",,#2.1
	2.1.8,2,2.1,"Dark/Light mode toggle butonu (header'da)",TamamlandÄ±,Kritik,Frontend - Layout,,"âœ… next-themes entegre edildi, toggle butonu eklendi",,#2.1
	2.1.9,2,2.1,"Renk TemasÄ± ve Tema GÃ¶zden GeÃ§irmesi (23 Ocak 2026)",Bekliyor,Kritik,Frontend - Layout,,"",,#2.1
	2.2.1,2,2.2,"Hero section (baÅŸlÄ±k, CTA, gÃ¶rsel)",TamamlandÄ±,Kritik,Frontend - Ana Sayfa,,"âœ… v0.app'den alÄ±ndÄ± ve entegre edildi",,#2.2
	2.2.1.1,2,2.2,"""Your Child, The Hero"" â€“ Real Photo & Story Character GÃ¶rselleri (27 Ocak 2026)",Bekliyor,Kritik,Frontend - Ana Sayfa,,"",,#2.2
	2.2.2,2,2.2,"""NasÄ±l Ã‡alÄ±ÅŸÄ±r?"" bÃ¶lÃ¼mÃ¼ (3 adÄ±m)",TamamlandÄ±,Kritik,Frontend - Ana Sayfa,,"âœ… v0.app'den alÄ±ndÄ± ve entegre edildi",,#2.2
	2.2.3,2,2.2,"Ã–rnek kitaplar carousel",TamamlandÄ±,Kritik,Frontend - Ana Sayfa,,"âœ… v0.app'den alÄ±ndÄ± ve entegre edildi",,#2.2
	2.2.4,2,2.2,"Ã–zellikler Ã¶zeti",TamamlandÄ±,Kritik,Frontend - Ana Sayfa,,"âœ… v0.app'den alÄ±ndÄ± ve entegre edildi",,#2.2
	2.2.4.1,2,2.2,"Sesli Hikaye Ã–zelliÄŸi Vurgusu (26 Ocak 2026)",Bekliyor,Kritik,Frontend - Ana Sayfa,,"",,#2.2
	2.2.5,2,2.2,"FiyatlandÄ±rma Ã¶zeti",TamamlandÄ±,Kritik,Frontend - Ana Sayfa,,"âœ… v0.app'den alÄ±ndÄ± ve entegre edildi",,#2.2
	2.2.6,2,2.2,"FAQ bÃ¶lÃ¼mÃ¼",TamamlandÄ±,Kritik,Frontend - Ana Sayfa,,"âœ… v0.app'den alÄ±ndÄ± ve entegre edildi",,#2.2
	2.2.7,2,2.2,"Kampanya banner'larÄ± (free shipping, indirimler)",TamamlandÄ±,Kritik,Frontend - Ana Sayfa,,"âœ… v0.app'den alÄ±ndÄ± ve entegre edildi",,#2.2
	2.2.8,2,2.2,"Cookie banner (GDPR/KVKK uyumluluk)",TamamlandÄ±,Kritik,Frontend - Ana Sayfa,,"âœ… v0.app'den alÄ±ndÄ± ve entegre edildi",,#2.2
	2.2.9,2,2.2,"Ana Ekrana Video Ã‡izgi Film Ã–rneÄŸi (23 Ocak 2026)",Bekliyor,Kritik,Frontend - Ana Sayfa,,"",,#2.2
	2.3.1,2,2.3,"GiriÅŸ sayfasÄ± (email/ÅŸifre)",TamamlandÄ±,Kritik,Frontend - Auth,,"âœ… v0.app'den alÄ±ndÄ± ve entegre edildi",,#2.3
	2.3.2,2,2.3,"KayÄ±t sayfasÄ±",TamamlandÄ±,Kritik,Frontend - Auth,,"âœ… v0.app'den alÄ±ndÄ± ve entegre edildi",,#2.3
	2.3.3,2,2.3,"Åifre sÄ±fÄ±rlama",TamamlandÄ±,Kritik,Frontend - Auth,,"âœ… v0.app'den alÄ±ndÄ± ve entegre edildi",,#2.3
	2.3.4,2,2.3,"Google OAuth butonu ve entegrasyonu",TamamlandÄ±,Kritik,Frontend - Auth,,"âœ… UI tamamlandÄ± (Faz 3'te backend entegrasyonu yapÄ±lacak)",,#2.3
	2.3.5,2,2.3,"Facebook OAuth butonu ve entegrasyonu",TamamlandÄ±,Kritik,Frontend - Auth,,"âœ… UI tamamlandÄ± (Faz 3'te backend entegrasyonu yapÄ±lacak)",,#2.3
	2.3.6,2,2.3,"Instagram OAuth butonu ve entegrasyonu (opsiyonel)",Bekliyor,Kritik,Frontend - Auth,,"â³ Ä°leride eklenecek",,#2.3
	2.3.7,2,2.3,"Email doÄŸrulama sayfasÄ±",TamamlandÄ±,Kritik,Frontend - Auth,,"âœ… UI tamamlandÄ± (Faz 3'te backend entegrasyonu yapÄ±lacak)",,#2.3
	2.3.8,2,2.3,"OAuth callback sayfalarÄ±",TamamlandÄ±,Kritik,Frontend - Auth,,"âœ… UI tamamlandÄ± (Faz 3'te backend entegrasyonu yapÄ±lacak)",,#2.3
	2.4.1,2,2.4,"Step 1: Karakter bilgileri formu",TamamlandÄ±,Kritik,Frontend - Wizard,,"âœ… v0.app'den alÄ±ndÄ± ve entegre edildi",,#2.4
	2.4.2,2,2.4,"Step 2: Referans gÃ¶rsel yÃ¼kleme (Ã§ocuk fotoÄŸrafÄ±)",TamamlandÄ±,Kritik,Frontend - Wizard,,"âœ… v0.app'den alÄ±ndÄ± ve entegre edildi",,#2.4
	2.4.2.1,2,2.4,"FotoÄŸraf yÃ¼kleme sistemi iyileÅŸtirmesi (23 Ocak 2026)",Bekliyor,Kritik,Frontend - Wizard,,"",,#2.4
	2.4.3,2,2.4,"Step 3: Tema ve yaÅŸ grubu seÃ§imi (0-2, 3-5, 6-9)",TamamlandÄ±,Kritik,Frontend - Wizard,,"âœ… v0.app'den alÄ±ndÄ± ve entegre edildi",,#2.4
	2.4.3.1,2,2.4,"Custom Theme SeÃ§eneÄŸi (23 Ocak 2026)",Bekliyor,Kritik,Frontend - Wizard,,"",,#2.4
	2.4.4,2,2.4,"Step 4: Illustration style seÃ§imi (gÃ¶rsel Ã¶nizleme)",TamamlandÄ±,Kritik,Frontend - Wizard,,"âœ… v0.app'den alÄ±ndÄ± ve entegre edildi",,#2.4
	2.4.5,2,2.4,"Step 5: Ã–zel istekler",TamamlandÄ±,Kritik,Frontend - Wizard,,"âœ… v0.app'den alÄ±ndÄ± ve entegre edildi",,#2.4
	2.4.5.1,2,2.4,"Custom request Ã¶rnekleri ekleme (23 Ocak 2026)",Bekliyor,Kritik,Frontend - Wizard,,"",,#2.4
	2.4.5.2,2,2.4,"Custom request dil desteÄŸi (23 Ocak 2026)",Bekliyor,Kritik,Frontend - Wizard,,"",,#2.4
	2.4.6,2,2.4,"Step 6: Ã–nizleme ve onay",TamamlandÄ±,Kritik,Frontend - Wizard,,"âœ… v0.app'den alÄ±ndÄ± ve entegre edildi",,#2.4
	2.4.11,2,2.4,"Wizard adÄ±mlarÄ±nÄ± kÄ±saltma (UX iyileÅŸtirme)",Bekliyor,Kritik,Frontend - Wizard,,"Åu an 6 adÄ±m var, daha kolay bir UX iÃ§in adÄ±mlar birleÅŸtirilebilir veya kÄ±saltÄ±labilir. DÃ¼ÅŸÃ¼nÃ¼lecek.",,#2.4
	2.4.7,2,2.4,"Progress indicator",TamamlandÄ±,Kritik,Frontend - Wizard,,"âœ… TÃ¼m step'lerde (1-6) mevcut, her step'te ""Step X of 6"" ve progress bar gÃ¶steriliyor",,#2.4
	2.4.8,2,2.4,"Form validasyonu (Zod + React Hook Form)",TamamlandÄ±,Kritik,Frontend - Wizard,,"âœ… TÃ¼m step'lerde mevcut (Step 1,3,4,5: Zod + RHF, Step 2: Custom file validation, Step 6: Preview sayfasÄ±)",,#2.4
	2.4.9,2,2.4,"Ãœcretsiz kapak hakkÄ± kontrolÃ¼ ve gÃ¶sterimi",TamamlandÄ±,Kritik,Frontend - Wizard,,"âœ… UI tamamlandÄ± (mock data ile, Faz 3'te gerÃ§ek kontrol)",,#2.4
	2.4.10,2,2.4,"""Ãœcretsiz Kapak OluÅŸtur"" butonu (hakkÄ± varsa)",TamamlandÄ±,Kritik,Frontend - Wizard,,"âœ… UI tamamlandÄ± (Step 6'da, Faz 3'te API entegrasyonu)",,#2.4
	2.4.12,2,2.4,"Kitap oluÅŸturma sonrasÄ± animasyon ve loading (23 Ocak 2026)",Bekliyor,Kritik,Frontend - Wizard,,"",,#2.4
	2.5.1.1,2,2.5,"react-pageflip veya alternatif library araÅŸtÄ±rmasÄ± ve seÃ§imi",TamamlandÄ±,Kritik,Frontend - E-book Viewer,,"âœ… Framer Motion ile custom implementation seÃ§ildi",,#2.5
	2.5.1.2,2,2.5,"Flipbook animasyonu (sayfa Ã§evirme efekti)",TamamlandÄ±,Kritik,Frontend - E-book Viewer,,"âœ… v0.app'den alÄ±ndÄ± ve entegre edildi (Flip, Slide, Fade animasyonlarÄ±)",,#2.5
	2.5.1.3,2,2.5,"Sayfa navigasyonu (ileri, geri, sayfa atlama)",TamamlandÄ±,Kritik,Frontend - E-book Viewer,,"âœ… Buttons, keyboard, swipe, mouse click desteÄŸi",,#2.5
	2.5.1.4,2,2.5,"Progress indicator (hangi sayfa/toplam sayfa)",TamamlandÄ±,Kritik,Frontend - E-book Viewer,,"âœ… Header'da progress bar ve sayfa numarasÄ±",,#2.5
	2.5.1.5,2,2.5,"Page thumbnails / mini map (tÃ¼m sayfalarÄ± kÃ¼Ã§Ã¼k gÃ¶sterme)",TamamlandÄ±,Kritik,Frontend - E-book Viewer,,"âœ… v0.app'den alÄ±ndÄ± ve entegre edildi",,#2.5
	2.5.1.6,2,2.5,"Tam ekran modu (fullscreen)",TamamlandÄ±,Kritik,Frontend - E-book Viewer,,"âœ… Fullscreen toggle button ve keyboard shortcut (F)",,#2.5
	2.5.1.7,2,2.5,"Zoom in/out (gÃ¶rselleri yakÄ±nlaÅŸtÄ±rma)",Bekliyor,Kritik,Frontend - E-book Viewer,,"â³ Sonraki adÄ±m",,#2.5
	2.5.1.8,2,2.5,"Loading states ve skeleton screens",Bekliyor,Kritik,Frontend - E-book Viewer,,"â³ Sonraki adÄ±m",,#2.5
	2.5.1.9,2,2.5,"PDF link paylaÅŸma (23 Ocak 2026)",Bekliyor,Kritik,Frontend - E-book Viewer,,"",,#2.5
	2.5.1.10,2,2.5,"Hikaye link paylaÅŸma (23 Ocak 2026)",Bekliyor,Kritik,Frontend - E-book Viewer,,"",,#2.5
	2.5.1.11,2,2.5,"E-book ve PDF Paragraf FormatlamasÄ± (23 Ocak 2026)",Bekliyor,Kritik,Frontend - E-book Viewer,,"ğŸ”´ **YÃœKSEK Ã–NCELÄ°K**",,#2.5
	2.5.2.1,2,2.5,"Mobil swipe desteÄŸi (saÄŸa/sola kaydÄ±rma)",TamamlandÄ±,Kritik,Frontend - E-book Viewer,,"âœ… useSwipeGesture hook ile entegre edildi",,#2.5
	2.5.2.2,2,2.5,"Hikaye sayfasÄ± tasarÄ±mÄ± iyileÅŸtirmesi (23 Ocak 2026)",Bekliyor,Kritik,Frontend - E-book Viewer,,"â³ Sonraki adÄ±m (zoom ile birlikte)",,#2.5
	2.5.2.3,2,2.5,"Portrait mode: Tek sayfa gÃ¶sterimi (dikey)",TamamlandÄ±,Kritik,Frontend - E-book Viewer,,"âœ… v0.app'den alÄ±ndÄ± ve entegre edildi",,#2.5
	2.5.2.4,2,2.5,"Landscape mode: Ã‡ift sayfa gÃ¶sterimi (yatay)",TamamlandÄ±,Kritik,Frontend - E-book Viewer,,"bir taraf gÃ¶rsel, bir taraf yazÄ± - âœ… v0.app'den alÄ±ndÄ± ve entegre edildi",,#2.5
	2.5.2.5,2,2.5,"Screen orientation detection ve otomatik layout deÄŸiÅŸimi",TamamlandÄ±,Kritik,Frontend - E-book Viewer,,"âœ… window.innerWidth/innerHeight ile otomatik detection",,#2.5
	2.5.2.6,2,2.5,"PWA optimizasyonu (offline okuma, vb.)",Bekliyor,Kritik,Frontend - E-book Viewer,,"â³ Faz 6'da yapÄ±lacak",,#2.5
	2.5.3.1,2,2.5,"Text-to-Speech entegrasyonu (Gemini Pro TTS)",TamamlandÄ±,Kritik,Frontend - E-book Viewer,,"âœ… Backend API ve frontend hook oluÅŸturuldu, WaveNet/Standard sesler kaldÄ±rÄ±ldÄ± (15 Ocak 2026)",,#2.5
	2.5.3.2,2,2.5,"Ses seÃ§eneÄŸi (Achernar",TamamlandÄ±,Kritik,Frontend - E-book Viewer,,"Gemini Pro TTS) - âœ… Settings dropdown'da Achernar sesi mevcut, eski sesler kaldÄ±rÄ±ldÄ± (15 Ocak 2026)",,#2.5
	2.5.3.3,2,2.5,"Ses hÄ±zÄ± kontrolÃ¼ (0.5x",TamamlandÄ±,Kritik,Frontend - E-book Viewer,,"2x arasÄ±) - âœ… Settings dropdown'da (0.75x, 1.0x, 1.25x)",,#2.5
	2.5.3.4,2,2.5,"Volume kontrolÃ¼",Bekliyor,Kritik,Frontend - E-book Viewer,,"â³ Hook'ta mevcut, UI'da henÃ¼z yok",,#2.5
	2.5.3.5,2,2.5,"Play/Pause/Stop butonlarÄ±",TamamlandÄ±,Kritik,Frontend - E-book Viewer,,"âœ… Play/Pause mevcut, Stop hook'ta mevcut ama UI'da yok",,#2.5
	2.5.3.6,2,2.5,"Sesli okuma sÄ±rasÄ±nda sayfa vurgulama (highlight current word/sentence)",Bekliyor,Kritik,Frontend - E-book Viewer,,"â³ Basit implementasyon mevcut, geliÅŸmiÅŸ versiyon iÃ§in Web Speech API word timing gerekli",,#2.5
	2.5.3.7,2,2.5,"Otomatik sayfa ilerleme (ses bittiÄŸinde sonraki sayfaya geÃ§)",TamamlandÄ±,Kritik,Frontend - E-book Viewer,,"âœ… TTS bittiÄŸinde otomatik sayfa ilerleme",,#2.5
	2.5.3.8,2,2.5,"TTS Cache mekanizmasÄ±",TamamlandÄ±,Kritik,Frontend - E-book Viewer,,"âœ… Supabase Storage'da ses dosyalarÄ±nÄ± cache'leme (aynÄ± metin tekrar okutulduÄŸunda Ã¼cretsiz) - 15 Ocak 2026",,#2.5
	2.5.3.9,2,2.5,"TTS Cache temizleme (hikaye deÄŸiÅŸikliÄŸinde)",Bekliyor,Kritik,Frontend - E-book Viewer,,"â³ Hikaye metni deÄŸiÅŸtiÄŸinde eski cache dosyasÄ±nÄ± sil, yeni ses oluÅŸtur",,#2.5
	2.5.3.10,2,2.5,"Sesli Hikaye Ã–zelliÄŸi Pazarlama Vurgusu (26 Ocak 2026)",Bekliyor,Kritik,Frontend - E-book Viewer,,"",,#2.5
	2.5.4.1,2,2.5,"Autoplay butonu ve kontrolÃ¼",TamamlandÄ±,Kritik,Frontend - E-book Viewer,,"âœ… Autoplay toggle butonu (RotateCcw icon), visual indicator ve Settings'te mod seÃ§imi",,#2.5
	2.5.4.2,2,2.5,"Autoplay hÄ±zÄ± ayarÄ± (sayfa baÅŸÄ±na kaÃ§ saniye)",TamamlandÄ±,Kritik,Frontend - E-book Viewer,,"âœ… 5s, 10s, 15s, 20s seÃ§enekleri Settings'te",,#2.5
	2.5.4.3,2,2.5,"Sesli okuma ile senkronize otomatik ilerleme",TamamlandÄ±,Kritik,Frontend - E-book Viewer,,"âœ… TTS Synced mode: TTS bittiÄŸinde otomatik sayfa geÃ§iÅŸi + otomatik okumaya devam (onEnded callback ile)",,#2.5
	2.5.4.4,2,2.5,"Autoplay pause/resume (dokunarak durdurma)",TamamlandÄ±,Kritik,Frontend - E-book Viewer,,"âœ… Ekrana dokunarak TTS pause/resume, Timed mode countdown ile sayfa geÃ§iÅŸi",,#2.5
	2.5.5.1,2,2.5,"Bookmark/favori sayfa iÅŸaretleme",TamamlandÄ±,Kritik,Frontend - E-book Viewer,,"âœ… localStorage ile bookmark sistemi, her sayfa iÃ§in ayrÄ± bookmark",,#2.5
	2.5.5.2,2,2.5,"Reading progress save (nerede kaldÄ±, otomatik kaydetme)",TamamlandÄ±,Kritik,Frontend - E-book Viewer,,"âœ… localStorage ile otomatik kaydetme, kitap aÃ§Ä±ldÄ±ÄŸÄ±nda kaldÄ±ÄŸÄ± yerden devam",,#2.5
	2.5.5.3,2,2.5,"Share butonu (kitabÄ±/sayfayÄ± paylaÅŸma)",TamamlandÄ±,Kritik,Frontend - E-book Viewer,,"âœ… navigator.share API ile paylaÅŸma (fallback: clipboard)",,#2.5
	2.5.5.4,2,2.5,"Download as PDF butonu",Bekliyor,Kritik,Frontend - E-book Viewer,,"â³ Post-MVP",,#2.5
	2.5.5.5,2,2.5,"Print options",Bekliyor,Kritik,Frontend - E-book Viewer,,"â³ Post-MVP",,#2.5
	2.5.5.6,2,2.5,"Keyboard shortcuts (desktop: arrow keys, space, esc, vb.)",TamamlandÄ±,Kritik,Frontend - E-book Viewer,,"âœ… 11 farklÄ± klavye kÄ±sayolu eklendi",,#2.5
	2.5.5.7,2,2.5,"Accessibility features (font size, high contrast, screen reader support)",Bekliyor,Kritik,Frontend - E-book Viewer,,"â³ Post-MVP",,#2.5
	2.5.5.8,2,2.5,"Settings UI iyileÅŸtirmesi",Bekliyor,Kritik,Frontend - E-book Viewer,,"â³ Åu an saÄŸ Ã¼stte Settings dropdown debug iÃ§in mevcut. Daha sonra daha gÃ¼zel bir yere taÅŸÄ±nacak ve daha sade/anlaÅŸÄ±lÄ±r hale getirilecek (kullanÄ±cÄ± dostu tasarÄ±m)",,#2.5
	2.5.6.1,2,2.5,"Sayfa Ã§evirme animasyonu (flip effect, slide, fade, vb.)",TamamlandÄ±,Kritik,Frontend - E-book Viewer,,"âœ… 6 farklÄ± animasyon tipi: Flip (3D), Slide, Fade, Page Curl, Zoom, None (Instant)",,#2.5
	2.5.6.2,2,2.5,"Animasyon hÄ±zÄ±/stili seÃ§enekleri",TamamlandÄ±,Kritik,Frontend - E-book Viewer,,"âœ… Settings'te 3 hÄ±z seÃ§eneÄŸi: Slow, Normal, Fast (configurable)",,#2.5
	2.5.6.3,2,2.5,"Smooth transitions",TamamlandÄ±,Kritik,Frontend - E-book Viewer,,"âœ… Spring ve tween animasyonlarÄ±, easeInOut/easeOut transitions",,#2.5
	2.5.6.4,2,2.5,"Page curl effect (sayfa kÄ±vrÄ±lma efekti)",TamamlandÄ±,Kritik,Frontend - E-book Viewer,,"âœ… 3D rotateX/rotateY ile page curl animasyonu",,#2.5
	2.5.6.5,2,2.5,"Shadow ve depth effects (3D gÃ¶rÃ¼nÃ¼m)",TamamlandÄ±,Kritik,Frontend - E-book Viewer,,"âœ… Shadow-2xl, drop-shadow, depth effects (z-index)",,#2.5
	2.5.8,2,2.5,"Ã‡ocuk Modu (Kids Mode) (23 Ocak 2026)",Bekliyor,Kritik,Frontend - E-book Viewer,,"",,#2.5
	2.5.7.1,2,2.5,"Notes/annotations (sayfaya not alma)",Bekliyor,Kritik,Frontend - E-book Viewer,,"",,#2.5
	2.5.7.2,2,2.5,"Search in book (kitap iÃ§inde arama)",Bekliyor,Kritik,Frontend - E-book Viewer,,"",,#2.5
	2.5.7.3,2,2.5,"Multi-language subtitle support (sesli okuma iÃ§in altyazÄ±)",Bekliyor,Kritik,Frontend - E-book Viewer,,"",,#2.5
	2.5.7.4,2,2.5,"Background music (opsiyonel arka plan mÃ¼ziÄŸi)",Bekliyor,Kritik,Frontend - E-book Viewer,,"",,#2.5
	2.5.7.5,2,2.5,"Reading statistics (ne kadar sÃ¼re okudu, hangi sayfalarÄ± okudu)",Bekliyor,Kritik,Frontend - E-book Viewer,,"",,#2.5
	2.6.1,2,2.6,"KitaplÄ±k sayfasÄ± (tÃ¼m kitaplar grid)",TamamlandÄ±,Kritik,Frontend - Dashboard,,"âœ… Dashboard sayfasÄ± oluÅŸturuldu, grid/list view toggle",,#2.6
	2.6.2,2,2.6,"Kitap kartÄ± component",TamamlandÄ±,Kritik,Frontend - Dashboard,,"âœ… Book card component (cover, title, status, actions) - Character bilgisi kaldÄ±rÄ±ldÄ± (26 Ocak 2026)",,#2.6
	2.6.3,2,2.6,"Filtreleme ve sÄ±ralama",TamamlandÄ±,Kritik,Frontend - Dashboard,,"âœ… Filter tabs (All, Completed, In Progress, Drafts), Sort dropdown (Date, Title), Search bar",,#2.6
	2.6.4,2,2.6,"SipariÅŸ geÃ§miÅŸi",TamamlandÄ±,Kritik,Frontend - Dashboard,,"âœ… Order History section (table with orders, download/view buttons)",,#2.6
	2.6.5,2,2.6,"Profil ayarlarÄ±",TamamlandÄ±,Kritik,Frontend - Dashboard,,"âœ… Profile Settings page (6 sections: Profile, Account, Orders, Free Cover, Notifications, Billing)",,#2.6
	2.6.6,2,2.6,"Ãœcretsiz kapak hakkÄ± gÃ¶stergesi (kullanÄ±ldÄ±/kullanÄ±lmadÄ±)",TamamlandÄ±,Kritik,Frontend - Dashboard,,"âœ… Free Cover Status section (status badge, used date, info box)",,#2.6
	2.6.9,2,2.6,"Hardcopy SatÄ±n Alma Ã–zellikleri (25 Ocak 2026)",TamamlandÄ±,Kritik,Frontend - Dashboard,,"âœ… **TAMAMLANDI**",,#2.6
	2.6.7,2,2.6,"Characters tab (karakter yÃ¶netimi)",Bekliyor,Kritik,Frontend - Dashboard,,"ğŸ†• **Karakter YÃ¶netimi Sistemi (15 Ocak 2026)**",,#2.6
	2.6.8,2,2.6,"SipariÅŸ YÃ¶netimi (KullanÄ±cÄ±)",Bekliyor,Kritik,Frontend - Dashboard,,"ğŸ†• **25 Ocak 2026**",,#2.6
	2.7.1,2,2.7,"Ã–zellikler (Features) sayfasÄ±",Bekliyor,Kritik,Frontend - Statik Sayfalar,,"",,#2.7
	2.7.2,2,2.7,"FiyatlandÄ±rma sayfasÄ±",TamamlandÄ±,Kritik,Frontend - Statik Sayfalar,DO,"âœ… **TAMAMLANDI (25 Ocak 2026)**",,#2.7
	2.7.4,2,2.7,"Ä°letiÅŸim sayfasÄ±",Bekliyor,Kritik,Frontend - Statik Sayfalar,,"",,#2.7
	2.7.5,2,2.7,"Gizlilik PolitikasÄ±",Bekliyor,Kritik,Frontend - Statik Sayfalar,,"",,#2.7
	2.7.6,2,2.7,"KullanÄ±m ÅartlarÄ±",Bekliyor,Kritik,Frontend - Statik Sayfalar,,"",,#2.7
	2.7.7,2,2.7,"KVKK AydÄ±nlatma Metni",Bekliyor,Kritik,Frontend - Statik Sayfalar,,"",,#2.7
	2.7.8,2,2.7,"Examples sayfasÄ± (tÃ¼m Ã¶rnek kitaplar, ""View Example"" butonlarÄ±)",TamamlandÄ±,Kritik,Frontend - Statik Sayfalar,,"âœ… **TAMAMLANDI (25 Ocak 2026)**",,#2.7
	2.7.9,2,2.7,"Ideas sayfasÄ± (hikaye fikirleri ve ÅŸablonlarÄ±)",Bekliyor,Kritik,Frontend - Statik Sayfalar,,"",,#2.7
	2.7.10,2,2.7,"Tema kartlarÄ± gÃ¶rsel gÃ¶sterimi (her tema iÃ§in thumbnail)",Bekliyor,Kritik,Frontend - Statik Sayfalar,,"",,#2.7
	2.7.11,2,2.7,"""Used Photos"" gÃ¶sterimi (Ã¶rneklerde hangi fotoÄŸraflar kullanÄ±lmÄ±ÅŸ)",Bekliyor,Kritik,Frontend - Statik Sayfalar,,"âœ… Examples sayfasÄ±na entegre edildi (2.7.8)",,#2.7
	2.7.12,2,2.7,"""View All Examples"" ve ""View All Themes"" linkleri",Bekliyor,Kritik,Frontend - Statik Sayfalar,,"",,#2.7
	2.7.13,2,2.7,"""Sizden Gelenler"" bÃ¶lÃ¼mÃ¼ (23 Ocak 2026)",Bekliyor,Kritik,Frontend - Statik Sayfalar,,"",,#2.7
	2.7.14,2,2.7,"Blog SayfasÄ± (23 Ocak 2026)",Bekliyor,Kritik,Frontend - Statik Sayfalar,,"",,#2.7
	2.8.1,2,2.8,"i18n library seÃ§imi (next-intl Ã¶nerilir",Bekliyor,Kritik,Frontend,,"Next.js App Router ile mÃ¼kemmel entegrasyon)",,#2.8
	2.8.2,2,2.8,"Dil seÃ§ici component (header'da, dropdown veya flag icons)",Bekliyor,Kritik,Frontend,,"",,#2.8
	2.8.3,2,2.8,"TÃ¼m UI metinlerinin Ã§eviri dosyalarÄ±na taÅŸÄ±nmasÄ± (JSON veya TypeScript object format)",Bekliyor,Kritik,Frontend,,"",,#2.8
	2.8.4,2,2.8,"Dinamik dil deÄŸiÅŸtirme (sayfa yenilenmeden)",Bekliyor,Kritik,Frontend,,"",,#2.8
	2.8.5,2,2.8,"URL-based dil routing (/tr/, /en/, vb.)",Bekliyor,Kritik,Frontend,,"SEO dostu",,#2.8
	2.8.6,2,2.8,"Cookie/localStorage ile dil tercihi saklama (kullanÄ±cÄ± tercihi hatÄ±rlansÄ±n)",Bekliyor,Kritik,Frontend,,"",,#2.8
	2.8.7,2,2.8,"TR Ã§evirileri (tÃ¼m UI metinleri iÃ§in)",Bekliyor,Kritik,Frontend,,"",,#2.8
	2.8.8,2,2.8,"Gelecekte 25+ dil desteÄŸi (Almanca, FransÄ±zca, Ä°spanyolca, vb.)",Bekliyor,Kritik,Frontend,,"",,#2.8
	3.1.1,3,3.1,"API klasÃ¶r yapÄ±sÄ± oluÅŸtur",TamamlandÄ±,Kritik,Backend - API,,"âœ… `app/api/` yapÄ±sÄ± mevcut",,#3.1
	3.1.2,3,3.1,"Middleware (auth, rate limiting, error handling)",TamamlandÄ±,Kritik,Backend - API,,"âœ… TamamlandÄ± (15 Ocak 2026)",,#3.1
	3.1.3,3,3.1,"API response formatÄ± standardize et",TamamlandÄ±,Kritik,Backend - API,,"âœ… `lib/api/response.ts` ile standardize edildi",,#3.1
	3.2.1,3,3.2,"`POST /api/auth/register`",TamamlandÄ±,Kritik,Backend - Database,,"KayÄ±t - âœ… Supabase Auth kullanÄ±lÄ±yor",,#3.2
	3.2.2,3,3.2,"`POST /api/auth/login`",TamamlandÄ±,Kritik,Backend - Database,,"GiriÅŸ - âœ… Supabase Auth kullanÄ±lÄ±yor",,#3.2
	3.2.3,3,3.2,"`POST /api/auth/logout`",TamamlandÄ±,Kritik,Backend - Database,,"Ã‡Ä±kÄ±ÅŸ - âœ… Supabase Auth kullanÄ±lÄ±yor",,#3.2
	3.2.4,3,3.2,"`GET /api/users/me`",TamamlandÄ±,Kritik,Backend - Database,,"KullanÄ±cÄ± bilgileri - âœ… Supabase Auth `getUser()` kullanÄ±lÄ±yor",,#3.2
	3.2.5,3,3.2,"`PATCH /api/users/me`",Bekliyor,Kritik,Backend - Database,,"Profil gÃ¼ncelleme - â¸ï¸ **MVP iÃ§in gerekli deÄŸil** (Supabase Auth profile update yeterli)",,#3.2
	3.2.6,3,3.2,"`GET /api/auth/google`",TamamlandÄ±,Kritik,Backend - Database,,"Google OAuth callback - âœ… Supabase Auth OAuth kullanÄ±lÄ±yor",,#3.2
	3.2.7,3,3.2,"`GET /api/auth/facebook`",TamamlandÄ±,Kritik,Backend - Database,,"Facebook OAuth callback - âœ… Supabase Auth OAuth kullanÄ±lÄ±yor",,#3.2
	3.2.8,3,3.2,"`GET /api/auth/instagram`",Bekliyor,Kritik,Backend - Database,,"Instagram OAuth callback - â¸ï¸ **Opsiyonel, MVP'de gerekli deÄŸil**",,#3.2
	3.4.1,3,3.4,"`POST /api/characters/analyze`",TamamlandÄ±,Kritik,Backend - Auth,,"FotoÄŸraf analiz et ve Master Character oluÅŸtur - âœ… OpenAI Vision API entegrasyonu",,#3.4
	3.4.2,3,3.4,"`GET /api/characters`",TamamlandÄ±,Kritik,Backend - Auth,,"KullanÄ±cÄ±nÄ±n karakterleri - âœ… Character library API",,#3.4
	3.4.3,3,3.4,"`GET /api/characters/:id`",TamamlandÄ±,Kritik,Backend - Auth,,"Karakter detaylarÄ± - âœ… Single character API",,#3.4
	3.4.4,3,3.4,"`PATCH /api/characters/:id`",TamamlandÄ±,Kritik,Backend - Auth,,"Karakter gÃ¼ncelle - âœ… Update character API",,#3.4
	3.4.5,3,3.4,"`DELETE /api/characters/:id`",TamamlandÄ±,Kritik,Backend - Auth,,"Karakter sil - âœ… Delete character API",,#3.4
	3.4.6,3,3.4,"`POST /api/characters/:id/set-default`",TamamlandÄ±,Kritik,Backend - Auth,,"Default karakter olarak ayarla - âœ… Set default API",,#3.4
	3.4.7,3,3.4,"`POST /api/characters`",TamamlandÄ±,Kritik,Backend - Auth,,"AI Analysis for Non-Child Characters (25 Ocak 2026) - âœ… Family Members, Pets, Other, Toys iÃ§in fotoÄŸraf analizi eklendi",,#3.4
	3.4.8,3,3.4,"`POST /api/characters/upload-photo`",Bekliyor,Kritik,Backend - Auth,,"Referans gÃ¶rsel yÃ¼kle (Supabase Storage) - â³ Sonraki adÄ±m",,#3.4
	3.4.9,3,3.4,"API iyileÅŸtirmeleri (Character Library iÃ§in)",Bekliyor,Kritik,Backend - Auth,,"ğŸ†• **Karakter YÃ¶netimi Sistemi (15 Ocak 2026)**",,#3.4
	3.6.1,3,3.6,"Books database helper functions",TamamlandÄ±,Kritik,Backend - Kitap API,,"PDF oluÅŸtur âœ… (10 Ocak 2026)",,#3.6
	3.6.2,3,3.6,"`POST /api/books`",TamamlandÄ±,Kritik,Backend - Kitap API,,"**Not:** Temel tasarÄ±m tamamlandÄ±, profesyonel tasarÄ±m iyileÅŸtirmesi Faz 5'te yapÄ±lacak",,#3.6
	3.6.3,3,3.6,"`GET /api/books`",TamamlandÄ±,Kritik,Backend - Kitap API,,"",,#3.6
	3.6.4,3,3.6,"`GET /api/books/:id`",TamamlandÄ±,Kritik,Backend - Kitap API,,"",,#3.6
	3.6.5,3,3.6,"`PATCH /api/books/:id`",TamamlandÄ±,Kritik,Backend - Kitap API,,"Kitap gÃ¼ncelle - âœ… Favorite, status, images update (10 Ocak 2026)",,#3.6
	3.6.6,3,3.6,"`DELETE /api/books/:id`",TamamlandÄ±,Kritik,Backend - Kitap API,,"Kitap sil - âœ… Ownership verification, cascade delete (10 Ocak 2026)",,#3.6
	3.6.7,3,3.6,"Hikaye edit Ã¶zelliÄŸi (23 Ocak 2026)",Bekliyor,Kritik,Backend - Kitap API,,"",,#3.6
	3.5.10,3,3.5,"Karakter TutarlÄ±lÄ±ÄŸÄ± Ä°yileÅŸtirmeleri (16 Ocak 2026)",TamamlandÄ±,Kritik,AI - Entegrasyon,,"âœ… **TAMAMLANDI** (15 Ocak 2026)",,#3.5
	3.5.11,3,3.5,"Karakter TutarlÄ±lÄ±ÄŸÄ± Ä°yileÅŸtirmeleri",TamamlandÄ±,Kritik,AI - Entegrasyon,,"âœ… **TAMAMLANDI** (15 Ocak 2026)",,#3.5
	3.5.12,3,3.5,"Cover Generation ve Additional Characters Ä°yileÅŸtirmeleri (16 Ocak 2026)",TamamlandÄ±,Kritik,AI - Entegrasyon,,"",,#3.5
	3.5.13,3,3.5,"Sahne Ã‡eÅŸitliliÄŸi ve GÃ¶rsel Varyasyon Ä°yileÅŸtirmeleri (16 Ocak 2026)",TamamlandÄ±,Kritik,AI - Entegrasyon,,"â¸ï¸ **Ertelendi (daha sonra)**",,#3.5
	3.5.14,3,3.5,"Retry MekanizmasÄ± ve Hata YÃ¶netimi Ä°yileÅŸtirmeleri (16 Ocak 2026)",TamamlandÄ±,Kritik,AI - Entegrasyon,,"âœ… `lib/prompts/config.ts` (version management, A/B testing)",,#3.5
	3.5.15,3,3.5,"El Ele TutuÅŸma YasaÄŸÄ± (16 Ocak 2026)",TamamlandÄ±,Kritik,AI - Entegrasyon,,"âœ… **TAMAMLANDI** (15 Ocak 2026)",,#3.5
	3.5.1,3,3.5,"Prompt Management System",TamamlandÄ±,Kritik,AI - Entegrasyon,,"âœ… Versiyonlama, feedback, A/B testing altyapÄ±sÄ± (`lib/prompts/`)",,#3.5
	3.5.2,3,3.5,"Story Generation Prompts v1.0.0",TamamlandÄ±,Kritik,AI - Entegrasyon,,"âœ… YaÅŸ gruplarÄ±na Ã¶zel, safety rules, educational content",,#3.5
	3.5.3,3,3.5,"Image Generation Prompts v1.0.0",TamamlandÄ±,Kritik,AI - Entegrasyon,,"âœ… Character consistency, scene generation, negative prompts",,#3.5
	3.5.4,3,3.5,"Character Consistency System",TamamlandÄ±,Kritik,AI - Entegrasyon,,"âœ… Master Character concept, multi-book tutarlÄ±lÄ±ÄŸÄ±",,#3.5
	3.5.5,3,3.5,"`POST /api/ai/generate-story`",TamamlandÄ±,Kritik,AI - Entegrasyon,,"Hikaye Ã¼ret - âœ… GPT-4o entegrasyonu, Master Character kullanÄ±mÄ±",,#3.5
	3.5.6,3,3.5,"`POST /api/ai/generate-images`",TamamlandÄ±,Kritik,AI - Entegrasyon,,"TÃ¼m sayfalar iÃ§in gÃ¶rsel Ã¼ret - âœ… GPT-image API'ye geÃ§ildi (15 Ocak 2026)",,#3.5
	3.5.7,3,3.5,"`POST /api/ai/generate-cover`",TamamlandÄ±,Kritik,AI - Entegrasyon,,"Ãœcretsiz kapak oluÅŸtur (hakkÄ± kontrol et) - âœ… API endpoint oluÅŸturuldu (10 Ocak 2026)",,#3.5
	3.5.8,3,3.5,"Prompt template'leri",TamamlandÄ±,Kritik,AI - Entegrasyon,,"âœ… POC'tan taÅŸÄ±ndÄ± ve geliÅŸtirildi (`lib/prompts/`)",,#3.5
	3.5.9,3,3.5,"Create Book'da cover generation entegrasyonu",TamamlandÄ±,Kritik,AI - Entegrasyon,,"âœ… **TAMAMLANDI** (15 Ocak 2026)",,#3.5
	3.5.16,3,3.5,"Prompt GÃ¼ncelleme Sistemi (23 Ocak 2026)",Bekliyor,Kritik,AI - Entegrasyon,,"ChatGPT-style mask-based editing âœ… **TAMAMLANDI** (17 Ocak 2026)",,#3.5
	3.5.18,3,3.5,"Gemini Banana Model Entegrasyonu (23 Ocak 2026)",Bekliyor,Kritik,AI - Entegrasyon,,"",,#3.5
	3.5.19,3,3.5,"GÃ¶rsel Kompozisyon Ä°yileÅŸtirmesi (23 Ocak 2026)",Bekliyor,Kritik,AI - Entegrasyon,,"",,#3.5
	3.5.20,3,3.5,"Kapak ve Ä°lk Sayfa BenzerliÄŸi DÃ¼zeltmesi (23 Ocak 2026)",Bekliyor,Kritik,AI - Entegrasyon,,"ğŸ”´ **YÃœKSEK Ã–NCELÄ°K**",,#3.5
	3.5.21,3,3.5,"Paragraf YapÄ±sÄ± Ä°yileÅŸtirmesi (23 Ocak 2026)",Bekliyor,Kritik,AI - Entegrasyon,,"ğŸ”´ **YÃœKSEK Ã–NCELÄ°K**",,#3.5
	3.5.22,3,3.5,"Ã‡ocuk BoylarÄ± Prompt Ä°yileÅŸtirmesi (23 Ocak 2026)",Bekliyor,Kritik,AI - Entegrasyon,,"ğŸ”´ **YÃœKSEK Ã–NCELÄ°K**",,#3.5
	3.5.23,3,3.5,"AI Maliyet Optimizasyonu (23 Ocak 2026)",Bekliyor,Kritik,AI - Entegrasyon,,"ğŸ”´ **ACÄ°L - Ã–NEMLÄ°**",,#3.5
	3.5.24,3,3.5,"Kitap oluÅŸturma â€“ Herhangi bir hata durumunda tÃ¼m kitap fail (24 Ocak 2026)",Bekliyor,Kritik,AI - Entegrasyon,,"",,#3.5
	3.5.26,3,3.5,"Image API Refactor",TamamlandÄ±,Kritik,AI - Entegrasyon,,"ModÃ¼lerleÅŸtirme (24 Ocak 2026) - âœ… **TAMAMLANDI**",,#3.5
	3.5.25,3,3.5,"Story API Refactor",TamamlandÄ±,Kritik,AI - Entegrasyon,,"ModÃ¼lerleÅŸtirme (24 Ocak 2026) - âœ… **TAMAMLANDI**",,#3.5
	3.5.17,3,3.5,"GÃ¶rsel Revize UX Ä°yileÅŸtirmesi (23 Ocak 2026)",Bekliyor,Kritik,AI - Entegrasyon,,"",,#3.5
	3.7.1,3,3.7,"Stripe webhook handler",Bekliyor,Kritik,Backend - Webhook,,"",,#3.7
	3.7.2,3,3.7,"Ä°yzico webhook handler",Bekliyor,Kritik,Backend - Webhook,,"",,#3.7
	4.1.1,4,4.1,"Stripe hesabÄ± oluÅŸtur ve yapÄ±landÄ±r",Bekliyor,Kritik,E-ticaret - Stripe,,"",,#4.1
	4.1.2,4,4.1,"Stripe SDK kurulumu",Bekliyor,Kritik,E-ticaret - Stripe,,"",,#4.1
	4.1.3,4,4.1,"ÃœrÃ¼nler ve fiyatlar oluÅŸtur",Bekliyor,Kritik,E-ticaret - Stripe,,"",,#4.1
	4.1.4,4,4.1,"Checkout session oluÅŸturma",Bekliyor,Kritik,E-ticaret - Stripe,,"",,#4.1
	4.1.5,4,4.1,"Payment intent flow",Bekliyor,Kritik,E-ticaret - Stripe,,"",,#4.1
	4.1.6,4,4.1,"Stripe webhook handler",Bekliyor,Kritik,E-ticaret - Stripe,,"âœ… Faz 3.7'den taÅŸÄ±ndÄ± (15 Ocak 2026)",,#4.1
	4.1.7,4,4.1,"Test modu ile test et",Bekliyor,Kritik,E-ticaret - Stripe,,"",,#4.1
	4.2.1,4,4.2,"Ä°yzico hesabÄ± oluÅŸtur",Bekliyor,Kritik,E-ticaret - Ä°yzico,,"",,#4.2
	4.2.2,4,4.2,"Ä°yzico SDK kurulumu",Bekliyor,Kritik,E-ticaret - Ä°yzico,,"",,#4.2
	4.2.3,4,4.2,"Ã–deme formu entegrasyonu",Bekliyor,Kritik,E-ticaret - Ä°yzico,,"",,#4.2
	4.2.4,4,4.2,"3D Secure desteÄŸi",Bekliyor,Kritik,E-ticaret - Ä°yzico,,"",,#4.2
	4.2.5,4,4.2,"Ä°yzico webhook handler",Bekliyor,Kritik,E-ticaret - Ä°yzico,,"âœ… Faz 3.7'den taÅŸÄ±ndÄ± (15 Ocak 2026)",,#4.2
	4.2.6,4,4.2,"Callback handler (3D Secure sonrasÄ±)",Bekliyor,Kritik,E-ticaret - Ä°yzico,,"",,#4.2
	4.2.7,4,4.2,"Test modu ile test et",Bekliyor,Kritik,E-ticaret - Ä°yzico,,"",,#4.2
	4.3.1,4,4.3,"Checkout sayfasÄ±",Bekliyor,Kritik,E-ticaret - SipariÅŸ,,"",,#4.3
	4.3.2,4,4.3,"SipariÅŸ Ã¶zeti component",Bekliyor,Kritik,E-ticaret - SipariÅŸ,,"",,#4.3
	4.3.3,4,4.3,"Sepet Sistemi (23 Ocak 2026)",TamamlandÄ±,Kritik,E-ticaret - SipariÅŸ,DO,"ğŸ”´ **Ã–NEMLÄ°** | ğŸ”´ DO - âœ… **TAMAMLANDI (25 Ocak 2026)**",,#4.3
	4.3.4,4,4.3,"Ã–deme baÅŸarÄ±lÄ± sayfasÄ±",Bekliyor,Kritik,E-ticaret - SipariÅŸ,,"",,#4.3
	4.3.5,4,4.3,"SipariÅŸ durumu takibi (kullanÄ±cÄ± tarafÄ±)",Bekliyor,Kritik,E-ticaret - SipariÅŸ,,"",,#4.3
	4.3.6,4,4.3,"Email bildirimleri",Bekliyor,Kritik,E-ticaret - SipariÅŸ,,"",,#4.3
	4.3.7,4,4.3,"SipariÅŸ API'leri (Backend)",Bekliyor,Kritik,E-ticaret - SipariÅŸ,,"ğŸ†• **25 Ocak 2026**",,#4.3
	4.3.8,4,4.3,"KullanÄ±cÄ± API'leri (Backend",Bekliyor,Kritik,E-ticaret - SipariÅŸ,,"Admin) - ğŸ†• **25 Ocak 2026**",,#4.3
	4.4.1,4,4.4,"Sayfa sayÄ±sÄ±na gÃ¶re fiyatlandÄ±rma (10/15/20 sayfa)",Bekliyor,Kritik,E-ticaret - FiyatlandÄ±rma,,"",,#4.4
	4.4.2,4,4.4,"E-book vs BasÄ±lÄ± kitap fiyatlarÄ±",Bekliyor,Kritik,E-ticaret - FiyatlandÄ±rma,,"",,#4.4
	4.4.3,4,4.4,"Ä°ndirim kodu sistemi (gelecekte)",Bekliyor,Kritik,E-ticaret - FiyatlandÄ±rma,,"",,#4.4
	4.4.4,4,4.4,"Ãœcretsiz kapak hakkÄ± takibi",Bekliyor,Kritik,E-ticaret - FiyatlandÄ±rma,,"",,#4.4
	4.4.10,4,4.4,"Bot KorumasÄ±",Bekliyor,Kritik,E-ticaret - FiyatlandÄ±rma,,"CAPTCHA Entegrasyonu (25 Ocak 2026)",,#4.4
	4.4.7,4,4.4,"YurtdÄ±ÅŸÄ± Åirket Kurulumu (23 Ocak 2026)",Bekliyor,Kritik,E-ticaret - FiyatlandÄ±rma,,"TR DÄ±ÅŸÄ± Hardcopy BaskÄ± (26 Ocak 2026)",,#4.4
	4.4.8,4,4.4,"Abonelik Modeli AraÅŸtÄ±rmasÄ± (23 Ocak 2026)",Bekliyor,Kritik,E-ticaret - FiyatlandÄ±rma,,"",,#4.4
	4.4.5,4,4.4,"SatÄ±ÅŸ ve sepet kurgusu (23 Ocak 2026)",Bekliyor,Kritik,E-ticaret - FiyatlandÄ±rma,DO,"",,#4.4
	4.4.9,4,4.4,"ÃœrÃ¼n SatÄ±n Alma AkÄ±ÅŸÄ± (25 Ocak 2026)",TamamlandÄ±,Kritik,E-ticaret - FiyatlandÄ±rma,DO,"âœ… **KISMEN TAMAMLANDI (25 Ocak 2026)**",,#4.4
	4.4.6,4,4.4,"Hardcopy sadece TR",Bekliyor,Kritik,E-ticaret - FiyatlandÄ±rma,,"YabancÄ± kullanÄ±cÄ±lar iÃ§in bilgilendirme (23 Ocak 2026)",,#4.4
	5.1.1,5,5.1,"Meta tags ve Open Graph",Bekliyor,Ã–nemli,SEO,,"",,#5.1
	5.1.2,5,5.1,"Sitemap.xml",Bekliyor,Ã–nemli,SEO,,"",,#5.1
	5.1.3,5,5.1,"robots.txt",Bekliyor,Ã–nemli,SEO,,"",,#5.1
	5.1.4,5,5.1,"Structured data (JSON-LD)",Bekliyor,Ã–nemli,SEO,,"",,#5.1
	5.1.5,5,5.1,"Performance optimizasyonu (Lighthouse)",Bekliyor,Ã–nemli,SEO,,"",,#5.1
	5.2.1,5,5.2,"Google Analytics 4 kurulumu",Bekliyor,Ã–nemli,Analytics,,"",,#5.2
	5.2.2,5,5.2,"Event tracking (kitap oluÅŸturma, satÄ±n alma)",Bekliyor,Ã–nemli,Analytics,,"",,#5.2
	5.2.3,5,5.2,"Conversion tracking",Bekliyor,Ã–nemli,Analytics,,"",,#5.2
	5.2.4,5,5.2,"Custom dashboard (opsiyonel)",Bekliyor,Ã–nemli,Analytics,,"",,#5.2
	5.8.1,5,5.8,"Admin panel oluÅŸturma",Bekliyor,Ã–nemli,Admin Panel,,"",,#5.8
	5.8.2,5,5.8,"UI Kit seÃ§imi",Bekliyor,Ã–nemli,Admin Panel,,"",,#5.8
	5.8.3,5,5.8,"Analytics entegrasyonu",Bekliyor,Ã–nemli,Admin Panel,,"",,#5.8
	5.8.4,5,5.8,"SipariÅŸ YÃ¶netimi (Admin)",Bekliyor,Ã–nemli,Admin Panel,,"ğŸ†• **25 Ocak 2026**",,#5.8
	5.8.5,5,5.8,"KullanÄ±cÄ± YÃ¶netimi (Admin)",Bekliyor,Ã–nemli,Admin Panel,,"ğŸ†• **25 Ocak 2026**",,#5.8
	5.8.6,5,5.8,"Kitap YÃ¶netimi (Admin)",Bekliyor,Ã–nemli,Admin Panel,,"ğŸ†• **25 Ocak 2026**",,#5.8
	5.8.7,5,5.8,"Dashboard Ä°statistikleri",Bekliyor,Ã–nemli,Admin Panel,,"ğŸ†• **25 Ocak 2026**",,#5.8
	5.8.8,5,5.8,"Sistem YÃ¶netimi",Bekliyor,Ã–nemli,Admin Panel,,"ğŸ†• **25 Ocak 2026**",,#5.8
	5.3.1,5,5.3,"HTTPS sertifikasÄ± (Vercel otomatik)",Bekliyor,Ã–nemli,GÃ¼venlik,,"",,#5.3
	5.3.2,5,5.3,"Rate limiting",Bekliyor,Ã–nemli,GÃ¼venlik,,"",,#5.3
	5.3.3,5,5.3,"Input validasyonu",Bekliyor,Ã–nemli,GÃ¼venlik,,"",,#5.3
	5.3.4,5,5.3,"CSRF protection",Bekliyor,Ã–nemli,GÃ¼venlik,,"",,#5.3
	5.3.5,5,5.3,"GDPR/KVKK uyumluluk kontrolÃ¼",Bekliyor,Ã–nemli,GÃ¼venlik,,"",,#5.3
	5.3.6,5,5.3,"GDPR/KVKK Veri Silme ve Hesap Silme (23 Ocak 2026)",Bekliyor,Ã–nemli,GÃ¼venlik,,"",,#5.3
	5.3.7,5,5.3,"IP BazlÄ± Attack Detection (23 Ocak 2026)",Bekliyor,Ã–nemli,GÃ¼venlik,,"",,#5.3
	5.3.8,5,5.3,"Supabase GÃ¼venlik ve Dosya EriÅŸim KontrolÃ¼ (23 Ocak 2026)",Bekliyor,Ã–nemli,GÃ¼venlik,,"",,#5.3
	5.3.9,5,5.3,"API Key GÃ¼venliÄŸi (23 Ocak 2026)",Bekliyor,Ã–nemli,GÃ¼venlik,,"ğŸ”´ **KRÄ°TÄ°K**",,#5.3
	5.4.1,5,5.4,"Manuel test (tÃ¼m akÄ±ÅŸlar)",Bekliyor,Ã–nemli,Test,,"",,#5.4
	5.4.2,5,5.4,"Mobil test",Bekliyor,Ã–nemli,Test,,"",,#5.4
	5.4.3,5,5.4,"Cross-browser test",Bekliyor,Ã–nemli,Test,,"",,#5.4
	5.4.4,5,5.4,"Ã–deme testleri (sandbox)",Bekliyor,Ã–nemli,Test,,"",,#5.4
	5.5.1,5,5.5,"Vercel production deployment",Bekliyor,Ã–nemli,Deployment,,"",,#5.5
	5.5.2,5,5.5,"Domain baÄŸlantÄ±sÄ±",Bekliyor,Ã–nemli,Deployment,,"",,#5.5
	5.5.3,5,5.5,"SSL sertifikasÄ± (Vercel otomatik, kontrol edilmeli)",Bekliyor,Ã–nemli,Deployment,,"",,#5.5
	5.5.4,5,5.5,"Monitoring kurulumu",Bekliyor,Ã–nemli,Deployment,,"",,#5.5
	5.5.5,5,5.5,"Error tracking (Sentry)",Bekliyor,Ã–nemli,Deployment,,"",,#5.5
	5.5.6,5,5.5,"Production Environment Variables KontrolÃ¼ (25 Ocak 2026)",Bekliyor,Ã–nemli,Deployment,,"",,#5.5
	5.7.1,5,5.7,"Profesyonel PDF template tasarÄ±mÄ± âœ… (17 Ocak 2026)",TamamlandÄ±,Ã–nemli,PDF TasarÄ±m,,"",,#5.7
	5.7.1.1,5,5.7,"PDF Layout Ä°yileÅŸtirmeleri âœ… (25 Ocak 2026)",TamamlandÄ±,Ã–nemli,PDF TasarÄ±m,,"",,#5.7
	5.7.2,5,5.7,"PDF preview Ã¶zelliÄŸi (indirmeden Ã¶nce Ã¶nizleme)",Bekliyor,Ã–nemli,PDF TasarÄ±m,,"",,#5.7
	5.7.3,5,5.7,"PDF customization seÃ§enekleri (opsiyonel)",Bekliyor,Ã–nemli,PDF TasarÄ±m,,"",,#5.7
	5.7.4,5,5.7,"Ã‡eÅŸitli arka plan desenleri seÃ§enekleri",Bekliyor,Ã–nemli,PDF TasarÄ±m,,"",,#5.7
	5.7.5,5,5.7,"PDF Title Font TÃ¼rkÃ§e Karakter DesteÄŸi (23 Ocak 2026)",Bekliyor,Ã–nemli,PDF TasarÄ±m,,"",,#5.7
	5.7.6,5,5.7,"PDF Kapak SayfasÄ± A5 Dikey Format (23 Ocak 2026)",Bekliyor,Ã–nemli,PDF TasarÄ±m,,"",,#5.7
	5.7.7,5,5.7,"Arka Kapak TasarÄ±mÄ± (23 Ocak 2026)",Bekliyor,Ã–nemli,PDF TasarÄ±m,,"ğŸ”´ **YÃœKSEK Ã–NCELÄ°K**",,#5.7
	5.7.8,5,5.7,"PDF Layout Bug DÃ¼zeltmesi (25 Ocak 2026)",Bekliyor,Ã–nemli,PDF TasarÄ±m,,"ğŸ”´ **KRÄ°TÄ°K BUG**",,#5.7
	5.6.1,5,5.6,"Ã–rnek kitaplar oluÅŸtur (demo)",Bekliyor,Ã–nemli,Lansman,,"",,#5.6
	5.6.2,5,5.6,"Sosyal medya hesaplarÄ±",Bekliyor,Ã–nemli,Lansman,,"",,#5.6
	5.6.3,5,5.6,"Landing page son kontrolÃ¼",Bekliyor,Ã–nemli,Lansman,,"",,#5.6
	5.6.4,5,5.6,"Beta kullanÄ±cÄ±lar ile test",Bekliyor,Ã–nemli,Lansman,,"",,#5.6
	5.9.1,5,5.9,"Product Hunt yayÄ±nlama planÄ±",Bekliyor,Ã–nemli,Pazarlama,,"",,#5.9
	5.9.2,5,5.9,"""There's an AI for That"" yayÄ±nlama planÄ±",Bekliyor,Ã–nemli,Pazarlama,,"",,#5.9
	5.9.3,5,5.9,"DiÄŸer pazarlama kanallarÄ±",Bekliyor,Ã–nemli,Pazarlama,,"",,#5.9
	5.9.6,5,5.9,"ÃœrÃ¼n DeÄŸer Ã–nerisi ve Pazarlama MesajlarÄ± (26 Ocak 2026)",Bekliyor,Ã–nemli,Pazarlama,,"",,#5.9
	5.10.1,5,5.10,"Proje ile ilgili harcanan maliyetleri ele almak iÃ§in bir bÃ¶lÃ¼m olmalÄ±",Bekliyor,Ã–nemli,Polish / Lansman,,"",,#5.10
	5.9.4,5,5.9,"Etsy ve TÃ¼rkiye Pazar Yerleri AraÅŸtÄ±rmasÄ± (23 Ocak 2026)",Bekliyor,Ã–nemli,Pazarlama,,"",,#5.10
	5.9.5,5,5.9,"Banner ve Promosyon Materyalleri (23 Ocak 2026)",Bekliyor,Ã–nemli,Pazarlama,,"",,#5.10
	5.9.7,5,5.9,"Sesli Hikaye Ã–zelliÄŸi Pazarlama ve Ä°letiÅŸim (26 Ocak 2026)",Bekliyor,Ã–nemli,Pazarlama,,"",,#5.10
	6.1.1,6,6.1,"next-pwa paketi kurulumu",Bekliyor,DÃ¼ÅŸÃ¼k,Mobil / PWA,,"",,#6.1
	6.1.2,6,6.1,"Manifest.json oluÅŸturma (app name, icons, theme color)",Bekliyor,DÃ¼ÅŸÃ¼k,Mobil / PWA,,"",,#6.1
	6.1.3,6,6.1,"Service Worker yapÄ±landÄ±rmasÄ±",Bekliyor,DÃ¼ÅŸÃ¼k,Mobil / PWA,,"",,#6.1
	6.1.4,6,6.1,"App icon'larÄ± oluÅŸtur (192x192, 512x512, iOS icon'larÄ±)",Bekliyor,DÃ¼ÅŸÃ¼k,Mobil / PWA,,"",,#6.1
	6.1.5,6,6.1,"Splash screen yapÄ±landÄ±rmasÄ±",Bekliyor,DÃ¼ÅŸÃ¼k,Mobil / PWA,,"",,#6.1
	6.1.6,6,6.1,"Offline desteÄŸi (cache strategy)",Bekliyor,DÃ¼ÅŸÃ¼k,Mobil / PWA,,"",,#6.1
	6.1.7,6,6.1,"Install prompt (PWA yÃ¼kleme butonu)",Bekliyor,DÃ¼ÅŸÃ¼k,Mobil / PWA,,"",,#6.1
	6.2.1,6,6.2,"Touch gesture desteÄŸi (swipe, pinch)",Bekliyor,DÃ¼ÅŸÃ¼k,Mobil / PWA,,"",,#6.2
	6.2.2,6,6.2,"Mobil navigasyon iyileÅŸtirmeleri",Bekliyor,DÃ¼ÅŸÃ¼k,Mobil / PWA,,"",,#6.2
	6.2.3,6,6.2,"FotoÄŸraf yÃ¼kleme optimizasyonu (mobil kamera entegrasyonu)",Bekliyor,DÃ¼ÅŸÃ¼k,Mobil / PWA,,"",,#6.2
	6.2.4,6,6.2,"Push notification desteÄŸi (opsiyonel)",Bekliyor,DÃ¼ÅŸÃ¼k,Mobil / PWA,,"",,#6.2
	6.2.5,6,6.2,"Share API entegrasyonu (kitap paylaÅŸma)",Bekliyor,DÃ¼ÅŸÃ¼k,Mobil / PWA,,"",,#6.2
	6.2.6,6,6.2,"Responsive tasarÄ±m son kontrolleri",Bekliyor,DÃ¼ÅŸÃ¼k,Mobil / PWA,,"",,#6.2
	6.2.7,6,6.2,"Ã‡ocuk Modu Telefon Kilidi Ã–nleme (23 Ocak 2026)",Bekliyor,DÃ¼ÅŸÃ¼k,Mobil / PWA,,"",,#6.2
	6.3.1,6,6.3,"PWA Builder veya Bubblewrap ile TWA projesi oluÅŸtur",Bekliyor,DÃ¼ÅŸÃ¼k,Mobil / PWA,,"",,#6.3
	6.3.2,6,6.3,"Android manifest yapÄ±landÄ±rmasÄ±",Bekliyor,DÃ¼ÅŸÃ¼k,Mobil / PWA,,"",,#6.3
	6.3.3,6,6.3,"APK/AAB build alma",Bekliyor,DÃ¼ÅŸÃ¼k,Mobil / PWA,,"",,#6.3
	6.3.4,6,6.3,"Google Play Console hesabÄ± oluÅŸtur ($25 tek seferlik)",Bekliyor,DÃ¼ÅŸÃ¼k,Mobil / PWA,,"",,#6.3
	6.3.5,6,6.3,"Store listing hazÄ±rlama (aÃ§Ä±klama, ekran gÃ¶rÃ¼ntÃ¼leri, icon)",Bekliyor,DÃ¼ÅŸÃ¼k,Mobil / PWA,,"",,#6.3
	6.3.6,6,6.3,"Play Store'a yÃ¼kleme ve yayÄ±nlama",Bekliyor,DÃ¼ÅŸÃ¼k,Mobil / PWA,,"",,#6.3
	6.3.7,6,6.3,"Test ve inceleme sÃ¼reci",Bekliyor,DÃ¼ÅŸÃ¼k,Mobil / PWA,,"",,#6.3
	6.4.1,6,6.4,"Capacitor kurulumu ve yapÄ±landÄ±rmasÄ±",Bekliyor,DÃ¼ÅŸÃ¼k,Mobil / PWA,,"",,#6.4
	6.4.2,6,6.4,"iOS platform ekleme",Bekliyor,DÃ¼ÅŸÃ¼k,Mobil / PWA,,"",,#6.4
	6.4.3,6,6.4,"iOS native wrapper oluÅŸturma",Bekliyor,DÃ¼ÅŸÃ¼k,Mobil / PWA,,"",,#6.4
	6.4.4,6,6.4,"Xcode projesi yapÄ±landÄ±rmasÄ±",Bekliyor,DÃ¼ÅŸÃ¼k,Mobil / PWA,,"",,#6.4
	6.4.5,6,6.4,"Apple Developer hesabÄ± oluÅŸtur ($99/yÄ±l)",Bekliyor,DÃ¼ÅŸÃ¼k,Mobil / PWA,,"",,#6.4
	6.4.6,6,6.4,"App Store Connect'te uygulama oluÅŸturma",Bekliyor,DÃ¼ÅŸÃ¼k,Mobil / PWA,,"",,#6.4
	6.4.7,6,6.4,"Store listing hazÄ±rlama (aÃ§Ä±klama, ekran gÃ¶rÃ¼ntÃ¼leri, icon)",Bekliyor,DÃ¼ÅŸÃ¼k,Mobil / PWA,,"",,#6.4
	6.4.8,6,6.4,"App Store'a yÃ¼kleme ve yayÄ±nlama",Bekliyor,DÃ¼ÅŸÃ¼k,Mobil / PWA,,"",,#6.4
	6.4.9,6,6.4,"Test ve inceleme sÃ¼reci",Bekliyor,DÃ¼ÅŸÃ¼k,Mobil / PWA,,"",,#6.4
	6.5.1,6,6.5,"PWA test (Lighthouse PWA audit)",Bekliyor,DÃ¼ÅŸÃ¼k,Mobil / PWA,,"",,#6.5
	6.5.2,6,6.5,"Android cihazlarda test (farklÄ± ekran boyutlarÄ±)",Bekliyor,DÃ¼ÅŸÃ¼k,Mobil / PWA,,"",,#6.5
	6.5.3,6,6.5,"iOS cihazlarda test (iPhone, iPad)",Bekliyor,DÃ¼ÅŸÃ¼k,Mobil / PWA,,"",,#6.5
	6.5.4,6,6.5,"Performance optimizasyonu (bundle size, loading time)",Bekliyor,DÃ¼ÅŸÃ¼k,Mobil / PWA,,"",,#6.5
	6.5.5,6,6.5,"Offline functionality test",Bekliyor,DÃ¼ÅŸÃ¼k,Mobil / PWA,,"",,#6.5
	6.5.6,6,6.5,"Store'larda gÃ¶rÃ¼nÃ¼rlÃ¼k ve kullanÄ±labilirlik testi",Bekliyor,DÃ¼ÅŸÃ¼k,Mobil / PWA,,"",,#6.5
	6.6.1,6,6.6,"OTA (Over-The-Air) gÃ¼ncelleme stratejisi",Bekliyor,DÃ¼ÅŸÃ¼k,Mobil / PWA,,"",,#6.6
	6.6.2,6,6.6,"Store gÃ¼ncelleme sÃ¼reci dokÃ¼mantasyonu",Bekliyor,DÃ¼ÅŸÃ¼k,Mobil / PWA,,"",,#6.6
	6.6.3,6,6.6,"KullanÄ±cÄ± geri bildirimi toplama sistemi",Bekliyor,DÃ¼ÅŸÃ¼k,Mobil / PWA,,"",,#6.6
	6.6.4,6,6.6,"Crash reporting (Sentry veya benzeri)",Bekliyor,DÃ¼ÅŸÃ¼k,Mobil / PWA,,"",,#6.6